date,station,cargo_tons,wagons_required,station_congestion
2025-01-01,Kapiri Mposhi,1165,23,0.25
2025-01-01,Serenje,1402,27,0.58
2025-01-01,Mpika,1948,38,0.46
2025-01-01,Nakonde,1545,30,0.15
2025-01-01,Tunduma,2447,48,0.37
2025-01-01,Mbeya,432,8,0.12
2025-01-01,Makambako,1074,21,0.68
2025-01-01,Morogoro,1522,30,0.89
2025-01-01,Dar es Salaam,1491,29,0.34
2025-01-02,Kapiri Mposhi,324,6,0.11
2025-01-02,Serenje,781,15,0.59
2025-01-02,Mpika,2371,46,0.33
2025-01-02,Nakonde,1288,25,0.29
2025-01-02,Tunduma,870,17,0.41
2025-01-02,Mbeya,1583,31,0.57
2025-01-02,Makambako,955,18,0.24
2025-01-02,Morogoro,1613,31,0.86
2025-01-02,Dar es Salaam,2385,47,0.75
2025-01-03,Kapiri Mposhi,1688,33,0.29
2025-01-03,Serenje,1805,35,0.59
2025-01-03,Mpika,1091,21,0.13
2025-01-03,Nakonde,2289,45,0.25
2025-01-03,Tunduma,1341,26,0.52
2025-01-03,Mbeya,1451,28,0.55
2025-01-03,Makambako,1827,36,0.88
2025-01-03,Morogoro,1908,37,0.85
2025-01-03,Dar es Salaam,2316,45,0.84
2025-01-04,Kapiri Mposhi,1138,22,0.36
2025-01-04,Serenje,1607,31,0.14
2025-01-04,Mpika,650,12,0.53
2025-01-04,Nakonde,1113,21,0.39
2025-01-04,Tunduma,1084,21,0.59
2025-01-04,Mbeya,808,15,0.21
2025-01-04,Makambako,2410,47,0.23
2025-01-04,Morogoro,1701,33,0.42
2025-01-04,Dar es Salaam,1832,35,0.11
2025-01-05,Kapiri Mposhi,1868,36,0.67
2025-01-05,Serenje,2049,39,0.73
2025-01-05,Mpika,695,13,0.16
2025-01-05,Nakonde,2449,47,0.83
2025-01-05,Tunduma,512,10,0.6
2025-01-05,Mbeya,822,16,0.35
2025-01-05,Makambako,2103,41,0.63
2025-01-05,Morogoro,2251,43,0.32
2025-01-05,Dar es Salaam,1918,37,0.48
2025-01-06,Kapiri Mposhi,1840,35,0.78
2025-01-06,Serenje,1369,26,0.55
2025-01-06,Mpika,718,13,0.5
2025-01-06,Nakonde,713,13,0.67
2025-01-06,Tunduma,2248,43,0.12
2025-01-06,Mbeya,1839,35,0.26
2025-01-06,Makambako,1198,23,0.61
2025-01-06,Morogoro,889,17,0.55
2025-01-06,Dar es Salaam,2291,44,0.83
2025-01-07,Kapiri Mposhi,2049,39,0.7
2025-01-07,Serenje,1408,27,0.85
2025-01-07,Mpika,2094,40,0.66
2025-01-07,Nakonde,2195,42,0.84
2025-01-07,Tunduma,1965,37,0.61
2025-01-07,Mbeya,1134,21,0.74
2025-01-07,Makambako,1722,33,0.81
2025-01-07,Morogoro,1713,33,0.36
2025-01-07,Dar es Salaam,2422,46,0.82
2025-01-08,Kapiri Mposhi,1778,34,0.28
2025-01-08,Serenje,1324,25,0.79
2025-01-08,Mpika,1050,20,0.51
2025-01-08,Nakonde,987,18,0.49
2025-01-08,Tunduma,1621,31,0.37
2025-01-08,Mbeya,2392,45,0.23
2025-01-08,Makambako,2010,38,0.55
2025-01-08,Morogoro,1495,28,0.15
2025-01-08,Dar es Salaam,898,17,0.3
2025-01-09,Kapiri Mposhi,2025,38,0.33
2025-01-09,Serenje,1044,19,0.59
2025-01-09,Mpika,984,18,0.43
2025-01-09,Nakonde,1207,23,0.32
2025-01-09,Tunduma,2051,39,0.22
2025-01-09,Mbeya,2099,40,0.46
2025-01-09,Makambako,2127,40,0.29
2025-01-09,Morogoro,1187,22,0.16
2025-01-09,Dar es Salaam,441,8,0.29
2025-01-10,Kapiri Mposhi,623,11,0.39
2025-01-10,Serenje,522,9,0.42
2025-01-10,Mpika,2619,49,0.77
2025-01-10,Nakonde,1521,28,0.51
2025-01-10,Tunduma,2201,41,0.57
2025-01-10,Mbeya,2370,45,0.11
2025-01-10,Makambako,2403,45,0.75
2025-01-10,Morogoro,2138,40,0.24
2025-01-10,Dar es Salaam,2375,45,0.41
2025-01-11,Kapiri Mposhi,993,18,0.64
2025-01-11,Serenje,2397,45,0.84
2025-01-11,Mpika,2043,38,0.28
2025-01-11,Nakonde,2631,49,0.75
2025-01-11,Tunduma,1390,26,0.51
2025-01-11,Mbeya,1246,23,0.29
2025-01-11,Makambako,1718,32,0.87
2025-01-11,Morogoro,794,15,0.82
2025-01-11,Dar es Salaam,2489,47,0.32
2025-01-12,Kapiri Mposhi,2103,39,0.68
2025-01-12,Serenje,1543,29,0.79
2025-01-12,Mpika,2548,48,0.72
2025-01-12,Nakonde,984,18,0.17
2025-01-12,Tunduma,1850,34,0.82
2025-01-12,Mbeya,587,11,0.11
2025-01-12,Makambako,1906,35,0.63
2025-01-12,Morogoro,2318,43,0.33
2025-01-12,Dar es Salaam,1249,23,0.54
2025-01-13,Kapiri Mposhi,1339,25,0.28
2025-01-13,Serenje,490,9,0.11
2025-01-13,Mpika,743,13,0.36
2025-01-13,Nakonde,1948,36,0.62
2025-01-13,Tunduma,1555,29,0.68
2025-01-13,Mbeya,1001,18,0.55
2025-01-13,Makambako,809,15,0.51
2025-01-13,Morogoro,820,15,0.31
2025-01-13,Dar es Salaam,2125,39,0.88
2025-01-14,Kapiri Mposhi,923,17,0.81
2025-01-14,Serenje,2543,47,0.74
2025-01-14,Mpika,1175,21,0.62
2025-01-14,Nakonde,1349,25,0.79
2025-01-14,Tunduma,1194,22,0.32
2025-01-14,Mbeya,906,16,0.71
2025-01-14,Makambako,338,6,0.9
2025-01-14,Morogoro,1467,27,0.83
2025-01-14,Dar es Salaam,2621,48,0.7
2025-01-15,Kapiri Mposhi,1464,27,0.84
2025-01-15,Serenje,647,12,0.87
2025-01-15,Mpika,1075,19,0.78
2025-01-15,Nakonde,527,9,0.34
2025-01-15,Tunduma,2482,46,0.31
2025-01-15,Mbeya,459,8,0.4
2025-01-15,Makambako,2215,41,0.78
2025-01-15,Morogoro,1772,32,0.56
2025-01-15,Dar es Salaam,995,18,0.59
2025-01-16,Kapiri Mposhi,2148,39,0.21
2025-01-16,Serenje,491,9,0.34
2025-01-16,Mpika,1172,21,0.78
2025-01-16,Nakonde,589,10,0.39
2025-01-16,Tunduma,1946,36,0.34
2025-01-16,Mbeya,905,16,0.75
2025-01-16,Makambako,1319,24,0.59
2025-01-16,Morogoro,1978,36,0.1
2025-01-16,Dar es Salaam,362,6,0.74
2025-01-17,Kapiri Mposhi,759,13,0.14
2025-01-17,Serenje,2396,44,0.37
2025-01-17,Mpika,1537,28,0.56
2025-01-17,Nakonde,2306,42,0.56
2025-01-17,Tunduma,1252,23,0.36
2025-01-17,Mbeya,949,17,0.89
2025-01-17,Makambako,2713,49,0.57
2025-01-17,Morogoro,2189,40,0.13
2025-01-17,Dar es Salaam,1496,27,0.53
2025-01-18,Kapiri Mposhi,2068,37,0.27
2025-01-18,Serenje,331,6,0.47
2025-01-18,Mpika,1171,21,0.14
2025-01-18,Nakonde,377,6,0.66
2025-01-18,Tunduma,619,11,0.88
2025-01-18,Mbeya,1559,28,0.36
2025-01-18,Makambako,1043,19,0.42
2025-01-18,Morogoro,2303,42,0.45
2025-01-18,Dar es Salaam,2482,45,0.3
2025-01-19,Kapiri Mposhi,456,8,0.16
2025-01-19,Serenje,1589,29,0.66
2025-01-19,Mpika,1438,26,0.15
2025-01-19,Nakonde,1022,18,0.23
2025-01-19,Tunduma,1555,28,0.54
2025-01-19,Mbeya,941,17,0.25
2025-01-19,Makambako,1311,23,0.86
2025-01-19,Morogoro,1099,20,0.54
2025-01-19,Dar es Salaam,496,9,0.38
2025-01-20,Kapiri Mposhi,1427,25,0.2
2025-01-20,Serenje,1699,30,0.14
2025-01-20,Mpika,1440,26,0.35
2025-01-20,Nakonde,1384,25,0.66
2025-01-20,Tunduma,1681,30,0.11
2025-01-20,Mbeya,936,17,0.38
2025-01-20,Makambako,2265,41,0.62
2025-01-20,Morogoro,2296,41,0.59
2025-01-20,Dar es Salaam,2126,38,0.79
2025-01-21,Kapiri Mposhi,1822,32,0.65
2025-01-21,Serenje,702,12,0.61
2025-01-21,Mpika,880,15,0.79
2025-01-21,Nakonde,1273,23,0.56
2025-01-21,Tunduma,2066,37,0.47
2025-01-21,Mbeya,2141,38,0.6
2025-01-21,Makambako,1924,34,0.62
2025-01-21,Morogoro,1510,27,0.26
2025-01-21,Dar es Salaam,343,6,0.18
2025-01-22,Kapiri Mposhi,1169,21,0.65
2025-01-22,Serenje,432,7,0.36
2025-01-22,Mpika,2138,38,0.37
2025-01-22,Nakonde,459,8,0.33
2025-01-22,Tunduma,1249,22,0.66
2025-01-22,Mbeya,2017,36,0.85
2025-01-22,Makambako,1142,20,0.74
2025-01-22,Morogoro,1083,19,0.24
2025-01-22,Dar es Salaam,1579,28,0.43
2025-01-23,Kapiri Mposhi,1424,25,0.3
2025-01-23,Serenje,2725,48,0.37
2025-01-23,Mpika,374,6,0.29
2025-01-23,Nakonde,2061,36,0.69
2025-01-23,Tunduma,1307,23,0.4
2025-01-23,Mbeya,2687,48,0.5
2025-01-23,Makambako,1146,20,0.36
2025-01-23,Morogoro,1113,19,0.18
2025-01-23,Dar es Salaam,2158,38,0.11
2025-01-24,Kapiri Mposhi,420,7,0.38
2025-01-24,Serenje,2374,42,0.86
2025-01-24,Mpika,1288,23,0.49
2025-01-24,Nakonde,496,8,0.46
2025-01-24,Tunduma,778,13,0.36
2025-01-24,Mbeya,2007,35,0.7
2025-01-24,Makambako,1643,29,0.73
2025-01-24,Morogoro,2751,49,0.84
2025-01-24,Dar es Salaam,1690,30,0.15
2025-01-25,Kapiri Mposhi,1049,18,0.45
2025-01-25,Serenje,1730,30,0.54
2025-01-25,Mpika,1181,21,0.21
2025-01-25,Nakonde,1409,25,0.59
2025-01-25,Tunduma,2072,36,0.44
2025-01-25,Mbeya,1677,29,0.16
2025-01-25,Makambako,1706,30,0.17
2025-01-25,Morogoro,1963,34,0.89
2025-01-25,Dar es Salaam,2046,36,0.79
2025-01-26,Kapiri Mposhi,1881,33,0.75
2025-01-26,Serenje,915,16,0.83
2025-01-26,Mpika,1834,32,0.7
2025-01-26,Nakonde,2383,42,0.72
2025-01-26,Tunduma,1700,30,0.66
2025-01-26,Mbeya,1144,20,0.83
2025-01-26,Makambako,381,6,0.45
2025-01-26,Morogoro,533,9,0.11
2025-01-26,Dar es Salaam,1743,30,0.56
2025-01-27,Kapiri Mposhi,2249,39,0.2
2025-01-27,Serenje,1279,22,0.76
2025-01-27,Mpika,2561,45,0.7
2025-01-27,Nakonde,2604,45,0.29
2025-01-27,Tunduma,912,16,0.4
2025-01-27,Mbeya,1274,22,0.52
2025-01-27,Makambako,1633,28,0.87
2025-01-27,Morogoro,1116,19,0.88
2025-01-27,Dar es Salaam,2441,43,0.36
2025-01-28,Kapiri Mposhi,431,7,0.52
2025-01-28,Serenje,571,10,0.84
2025-01-28,Mpika,2276,39,0.54
2025-01-28,Nakonde,2112,37,0.16
2025-01-28,Tunduma,2726,47,0.6
2025-01-28,Mbeya,2106,36,0.34
2025-01-28,Makambako,1931,33,0.66
2025-01-28,Morogoro,877,15,0.14
2025-01-28,Dar es Salaam,1520,26,0.87
2025-01-29,Kapiri Mposhi,1448,25,0.42
2025-01-29,Serenje,1105,19,0.37
2025-01-29,Mpika,1652,28,0.25
2025-01-29,Nakonde,444,7,0.41
2025-01-29,Tunduma,959,16,0.16
2025-01-29,Mbeya,388,6,0.31
2025-01-29,Makambako,2568,44,0.66
2025-01-29,Morogoro,1742,30,0.35
2025-01-29,Dar es Salaam,1399,24,0.21
2025-01-30,Kapiri Mposhi,791,13,0.86
2025-01-30,Serenje,637,11,0.56
2025-01-30,Mpika,2576,44,0.43
2025-01-30,Nakonde,1259,21,0.79
2025-01-30,Tunduma,1350,23,0.23
2025-01-30,Mbeya,1509,26,0.4
2025-01-30,Makambako,2862,49,0.89
2025-01-30,Morogoro,2413,42,0.58
2025-01-30,Dar es Salaam,415,7,0.41
2025-01-31,Kapiri Mposhi,1138,19,0.77
2025-01-31,Serenje,2227,38,0.13
2025-01-31,Mpika,933,16,0.32
2025-01-31,Nakonde,941,16,0.65
2025-01-31,Tunduma,2268,39,0.9
2025-01-31,Mbeya,2028,35,0.57
2025-01-31,Makambako,1167,20,0.78
2025-01-31,Morogoro,1692,29,0.29
2025-01-31,Dar es Salaam,2536,44,0.3
2025-02-01,Kapiri Mposhi,1138,19,0.58
2025-02-01,Serenje,2046,35,0.8
2025-02-01,Mpika,910,15,0.59
2025-02-01,Nakonde,2825,48,0.19
2025-02-01,Tunduma,635,10,0.52
2025-02-01,Mbeya,2852,49,0.77
2025-02-01,Makambako,656,11,0.75
2025-02-01,Morogoro,619,10,0.55
2025-02-01,Dar es Salaam,1228,21,0.42
2025-02-02,Kapiri Mposhi,1071,18,0.48
2025-02-02,Serenje,1802,31,0.6
2025-02-02,Mpika,1018,17,0.74
2025-02-02,Nakonde,2845,49,0.21
2025-02-02,Tunduma,1234,21,0.88
2025-02-02,Mbeya,1891,32,0.57
2025-02-02,Makambako,1925,33,0.45
2025-02-02,Morogoro,866,14,0.68
2025-02-02,Dar es Salaam,636,10,0.51
2025-02-03,Kapiri Mposhi,1932,33,0.42
2025-02-03,Serenje,1233,21,0.52
2025-02-03,Mpika,2830,48,0.86
2025-02-03,Nakonde,509,8,0.84
2025-02-03,Tunduma,1926,33,0.72
2025-02-03,Mbeya,2535,43,0.47
2025-02-03,Makambako,2797,48,0.38
2025-02-03,Morogoro,2882,49,0.61
2025-02-03,Dar es Salaam,2571,44,0.53
2025-02-04,Kapiri Mposhi,2857,48,0.42
2025-02-04,Serenje,2614,44,0.61
2025-02-04,Mpika,771,13,0.66
2025-02-04,Nakonde,678,11,0.82
2025-02-04,Tunduma,1130,19,0.63
2025-02-04,Mbeya,2654,45,0.58
2025-02-04,Makambako,1553,26,0.38
2025-02-04,Morogoro,1147,19,0.24
2025-02-04,Dar es Salaam,2021,34,0.54
2025-02-05,Kapiri Mposhi,966,16,0.27
2025-02-05,Serenje,2663,45,0.5
2025-02-05,Mpika,2508,42,0.36
2025-02-05,Nakonde,2811,47,0.6
2025-02-05,Tunduma,1619,27,0.8
2025-02-05,Mbeya,407,6,0.15
2025-02-05,Makambako,1584,26,0.79
2025-02-05,Morogoro,2765,47,0.7
2025-02-05,Dar es Salaam,1850,31,0.89
2025-02-06,Kapiri Mposhi,709,12,0.4
2025-02-06,Serenje,1207,20,0.29
2025-02-06,Mpika,385,6,0.4
2025-02-06,Nakonde,782,13,0.15
2025-02-06,Tunduma,1926,32,0.21
2025-02-06,Mbeya,1562,26,0.82
2025-02-06,Makambako,2444,41,0.12
2025-02-06,Morogoro,2599,44,0.29
2025-02-06,Dar es Salaam,2302,39,0.4
2025-02-07,Kapiri Mposhi,1197,20,0.55
2025-02-07,Serenje,1887,31,0.27
2025-02-07,Mpika,502,8,0.2
2025-02-07,Nakonde,2946,49,0.37
2025-02-07,Tunduma,2804,47,0.64
2025-02-07,Mbeya,432,7,0.62
2025-02-07,Makambako,1737,29,0.17
2025-02-07,Morogoro,484,8,0.69
2025-02-07,Dar es Salaam,1090,18,0.7
2025-02-08,Kapiri Mposhi,2184,36,0.82
2025-02-08,Serenje,2445,41,0.3
2025-02-08,Mpika,1395,23,0.36
2025-02-08,Nakonde,1912,32,0.11
2025-02-08,Tunduma,2412,40,0.39
2025-02-08,Mbeya,2290,38,0.14
2025-02-08,Makambako,1732,29,0.16
2025-02-08,Morogoro,643,10,0.11
2025-02-08,Dar es Salaam,626,10,0.89
2025-02-09,Kapiri Mposhi,1840,30,0.82
2025-02-09,Serenje,913,15,0.88
2025-02-09,Mpika,360,6,0.1
2025-02-09,Nakonde,496,8,0.31
2025-02-09,Tunduma,2763,46,0.63
2025-02-09,Mbeya,2100,35,0.67
2025-02-09,Makambako,2041,34,0.48
2025-02-09,Morogoro,2343,39,0.25
2025-02-09,Dar es Salaam,1715,28,0.67
2025-02-10,Kapiri Mposhi,1222,20,0.51
2025-02-10,Serenje,492,8,0.52
2025-02-10,Mpika,2804,46,0.59
2025-02-10,Nakonde,739,12,0.17
2025-02-10,Tunduma,2648,44,0.22
2025-02-10,Mbeya,2778,46,0.58
2025-02-10,Makambako,1434,24,0.37
2025-02-10,Morogoro,369,6,0.54
2025-02-10,Dar es Salaam,2356,39,0.89
2025-02-11,Kapiri Mposhi,2828,47,0.65
2025-02-11,Serenje,2299,38,0.3
2025-02-11,Mpika,2320,38,0.1
2025-02-11,Nakonde,2749,45,0.48
2025-02-11,Tunduma,2802,46,0.74
2025-02-11,Mbeya,1699,28,0.84
2025-02-11,Makambako,641,10,0.43
2025-02-11,Morogoro,2646,44,0.68
2025-02-11,Dar es Salaam,1749,29,0.26
2025-02-12,Kapiri Mposhi,2248,37,0.84
2025-02-12,Serenje,2591,43,0.73
2025-02-12,Mpika,1409,23,0.7
2025-02-12,Nakonde,2586,43,0.23
2025-02-12,Tunduma,1231,20,0.25
2025-02-12,Mbeya,453,7,0.52
2025-02-12,Makambako,518,8,0.35
2025-02-12,Morogoro,1641,27,0.41
2025-02-12,Dar es Salaam,2600,43,0.45
2025-02-13,Kapiri Mposhi,2638,43,0.7
2025-02-13,Serenje,3003,49,0.56
2025-02-13,Mpika,3005,49,0.82
2025-02-13,Nakonde,967,16,0.53
2025-02-13,Tunduma,1350,22,0.83
2025-02-13,Mbeya,2737,45,0.45
2025-02-13,Makambako,1811,30,0.37
2025-02-13,Morogoro,2136,35,0.23
2025-02-13,Dar es Salaam,2347,38,0.6
2025-02-14,Kapiri Mposhi,2824,46,0.69
2025-02-14,Serenje,1478,24,0.73
2025-02-14,Mpika,1717,28,0.67
2025-02-14,Nakonde,1512,25,0.21
2025-02-14,Tunduma,2609,43,0.71
2025-02-14,Mbeya,2368,39,0.7
2025-02-14,Makambako,1743,28,0.76
2025-02-14,Morogoro,1347,22,0.78
2025-02-14,Dar es Salaam,2857,47,0.74
2025-02-15,Kapiri Mposhi,2905,47,0.43
2025-02-15,Serenje,520,8,0.11
2025-02-15,Mpika,2736,45,0.53
2025-02-15,Nakonde,2589,42,0.58
2025-02-15,Tunduma,2406,39,0.25
2025-02-15,Mbeya,2627,43,0.37
2025-02-15,Makambako,1226,20,0.44
2025-02-15,Morogoro,782,12,0.86
2025-02-15,Dar es Salaam,3019,49,0.21
2025-02-16,Kapiri Mposhi,1562,25,0.3
2025-02-16,Serenje,2359,38,0.8
2025-02-16,Mpika,797,13,0.84
2025-02-16,Nakonde,2632,43,0.62
2025-02-16,Tunduma,1099,18,0.4
2025-02-16,Mbeya,2711,44,0.44
2025-02-16,Makambako,2105,34,0.2
2025-02-16,Morogoro,2356,38,0.89
2025-02-16,Dar es Salaam,2367,38,0.25
2025-02-17,Kapiri Mposhi,2629,43,0.35
2025-02-17,Serenje,1507,24,0.59
2025-02-17,Mpika,1992,32,0.37
2025-02-17,Nakonde,507,8,0.58
2025-02-17,Tunduma,1066,17,0.43
2025-02-17,Mbeya,2349,38,0.84
2025-02-17,Makambako,836,13,0.47
2025-02-17,Morogoro,944,15,0.69
2025-02-17,Dar es Salaam,1511,24,0.13
2025-02-18,Kapiri Mposhi,1299,21,0.21
2025-02-18,Serenje,1178,19,0.56
2025-02-18,Mpika,1839,30,0.44
2025-02-18,Nakonde,2667,43,0.35
2025-02-18,Tunduma,714,11,0.56
2025-02-18,Mbeya,1176,19,0.28
2025-02-18,Makambako,2193,35,0.51
2025-02-18,Morogoro,1405,22,0.87
2025-02-18,Dar es Salaam,1209,19,0.55
2025-02-19,Kapiri Mposhi,786,12,0.17
2025-02-19,Serenje,2484,40,0.25
2025-02-19,Mpika,768,12,0.58
2025-02-19,Nakonde,1582,25,0.7
2025-02-19,Tunduma,1535,25,0.82
2025-02-19,Mbeya,2920,47,0.47
2025-02-19,Makambako,893,14,0.4
2025-02-19,Morogoro,2903,47,0.34
2025-02-19,Dar es Salaam,2079,33,0.46
2025-02-20,Kapiri Mposhi,606,9,0.53
2025-02-20,Serenje,1767,28,0.42
2025-02-20,Mpika,2462,40,0.71
2025-02-20,Nakonde,2732,44,0.37
2025-02-20,Tunduma,435,7,0.86
2025-02-20,Mbeya,1352,21,0.32
2025-02-20,Makambako,2709,44,0.52
2025-02-20,Morogoro,2995,48,0.88
2025-02-20,Dar es Salaam,2613,42,0.67
2025-02-21,Kapiri Mposhi,1396,22,0.54
2025-02-21,Serenje,2663,43,0.28
2025-02-21,Mpika,2579,41,0.12
2025-02-21,Nakonde,1958,31,0.18
2025-02-21,Tunduma,3014,48,0.89
2025-02-21,Mbeya,1988,32,0.78
2025-02-21,Makambako,926,15,0.86
2025-02-21,Morogoro,593,9,0.26
2025-02-21,Dar es Salaam,1384,22,0.82
2025-02-22,Kapiri Mposhi,2912,47,0.61
2025-02-22,Serenje,3090,49,0.78
2025-02-22,Mpika,1502,24,0.57
2025-02-22,Nakonde,471,7,0.81
2025-02-22,Tunduma,2770,44,0.37
2025-02-22,Mbeya,2114,34,0.39
2025-02-22,Makambako,859,13,0.76
2025-02-22,Morogoro,1365,22,0.43
2025-02-22,Dar es Salaam,2545,41,0.39
2025-02-23,Kapiri Mposhi,1706,27,0.34
2025-02-23,Serenje,2261,36,0.88
2025-02-23,Mpika,2092,33,0.21
2025-02-23,Nakonde,2984,48,0.82
2025-02-23,Tunduma,529,8,0.25
2025-02-23,Mbeya,1017,16,0.53
2025-02-23,Makambako,664,10,0.42
2025-02-23,Morogoro,2581,41,0.62
2025-02-23,Dar es Salaam,2916,47,0.21
2025-02-24,Kapiri Mposhi,2954,47,0.24
2025-02-24,Serenje,1372,22,0.11
2025-02-24,Mpika,3077,49,0.19
2025-02-24,Nakonde,2087,33,0.5
2025-02-24,Tunduma,2960,47,0.54
2025-02-24,Mbeya,2115,34,0.68
2025-02-24,Makambako,797,12,0.21
2025-02-24,Morogoro,1175,18,0.69
2025-02-24,Dar es Salaam,1130,18,0.58
2025-02-25,Kapiri Mposhi,2916,46,0.5
2025-02-25,Serenje,2502,40,0.77
2025-02-25,Mpika,1247,20,0.52
2025-02-25,Nakonde,2366,37,0.38
2025-02-25,Tunduma,2673,42,0.69
2025-02-25,Mbeya,1236,19,0.58
2025-02-25,Makambako,1362,21,0.15
2025-02-25,Morogoro,2017,32,0.45
2025-02-25,Dar es Salaam,1789,28,0.68
2025-02-26,Kapiri Mposhi,1936,31,0.86
2025-02-26,Serenje,442,7,0.63
2025-02-26,Mpika,1320,21,0.21
2025-02-26,Nakonde,2013,32,0.32
2025-02-26,Tunduma,1311,21,0.31
2025-02-26,Mbeya,2576,41,0.77
2025-02-26,Makambako,829,13,0.22
2025-02-26,Morogoro,565,9,0.48
2025-02-26,Dar es Salaam,3023,48,0.16
2025-02-27,Kapiri Mposhi,1677,26,0.43
2025-02-27,Serenje,450,7,0.65
2025-02-27,Mpika,2991,47,0.47
2025-02-27,Nakonde,538,8,0.16
2025-02-27,Tunduma,509,8,0.66
2025-02-27,Mbeya,502,8,0.57
2025-02-27,Makambako,2424,38,0.17
2025-02-27,Morogoro,1677,26,0.86
2025-02-27,Dar es Salaam,2278,36,0.25
2025-02-28,Kapiri Mposhi,2059,32,0.87
2025-02-28,Serenje,800,12,0.69
2025-02-28,Mpika,2572,41,0.68
2025-02-28,Nakonde,1266,20,0.88
2025-02-28,Tunduma,1771,28,0.62
2025-02-28,Mbeya,988,15,0.86
2025-02-28,Makambako,434,6,0.14
2025-02-28,Morogoro,1680,26,0.84
2025-02-28,Dar es Salaam,2656,42,0.55
2025-03-01,Kapiri Mposhi,690,10,0.35
2025-03-01,Serenje,797,12,0.66
2025-03-01,Mpika,548,8,0.25
2025-03-01,Nakonde,2290,36,0.44
2025-03-01,Tunduma,2263,36,0.48
2025-03-01,Mbeya,1621,25,0.14
2025-03-01,Makambako,881,14,0.52
2025-03-01,Morogoro,1149,18,0.13
2025-03-01,Dar es Salaam,1863,29,0.39
2025-03-02,Kapiri Mposhi,1790,28,0.81
2025-03-02,Serenje,1882,29,0.37
2025-03-02,Mpika,607,9,0.42
2025-03-02,Nakonde,425,6,0.35
2025-03-02,Tunduma,2107,33,0.63
2025-03-02,Mbeya,396,6,0.44
2025-03-02,Makambako,1803,28,0.29
2025-03-02,Morogoro,768,12,0.47
2025-03-02,Dar es Salaam,1064,16,0.12
2025-03-03,Kapiri Mposhi,1336,21,0.25
2025-03-03,Serenje,2016,31,0.85
2025-03-03,Mpika,2795,44,0.9
2025-03-03,Nakonde,414,6,0.71
2025-03-03,Tunduma,979,15,0.13
2025-03-03,Mbeya,1322,20,0.6
2025-03-03,Makambako,2615,41,0.89
2025-03-03,Morogoro,713,11,0.17
2025-03-03,Dar es Salaam,806,12,0.69
2025-03-04,Kapiri Mposhi,2973,47,0.47
2025-03-04,Serenje,854,13,0.33
2025-03-04,Mpika,563,8,0.29
2025-03-04,Nakonde,924,14,0.11
2025-03-04,Tunduma,2907,45,0.44
2025-03-04,Mbeya,1597,25,0.27
2025-03-04,Makambako,2961,46,0.74
2025-03-04,Morogoro,1566,24,0.57
2025-03-04,Dar es Salaam,1399,22,0.8
2025-03-05,Kapiri Mposhi,2059,32,0.58
2025-03-05,Serenje,1755,27,0.59
2025-03-05,Mpika,1357,21,0.29
2025-03-05,Nakonde,2069,32,0.59
2025-03-05,Tunduma,2140,33,0.28
2025-03-05,Mbeya,665,10,0.41
2025-03-05,Makambako,1566,24,0.25
2025-03-05,Morogoro,2802,44,0.38
2025-03-05,Dar es Salaam,2656,41,0.6
2025-03-06,Kapiri Mposhi,1302,20,0.81
2025-03-06,Serenje,1705,26,0.9
2025-03-06,Mpika,2407,37,0.31
2025-03-06,Nakonde,1459,22,0.66
2025-03-06,Tunduma,383,6,0.75
2025-03-06,Mbeya,1371,21,0.28
2025-03-06,Makambako,2958,46,0.13
2025-03-06,Morogoro,1116,17,0.56
2025-03-06,Dar es Salaam,2019,31,0.8
2025-03-07,Kapiri Mposhi,1637,25,0.48
2025-03-07,Serenje,1931,30,0.86
2025-03-07,Mpika,2105,33,0.13
2025-03-07,Nakonde,2271,35,0.62
2025-03-07,Tunduma,2185,34,0.17
2025-03-07,Mbeya,1632,25,0.3
2025-03-07,Makambako,428,6,0.31
2025-03-07,Morogoro,1906,29,0.5
2025-03-07,Dar es Salaam,957,15,0.87
2025-03-08,Kapiri Mposhi,2562,40,0.65
2025-03-08,Serenje,1620,25,0.78
2025-03-08,Mpika,2069,32,0.48
2025-03-08,Nakonde,3137,49,0.76
2025-03-08,Tunduma,2409,37,0.63
2025-03-08,Mbeya,3041,47,0.55
2025-03-08,Makambako,2640,41,0.69
2025-03-08,Morogoro,656,10,0.74
2025-03-08,Dar es Salaam,3107,48,0.78
2025-03-09,Kapiri Mposhi,2557,40,0.37
2025-03-09,Serenje,2573,40,0.64
2025-03-09,Mpika,625,9,0.66
2025-03-09,Nakonde,1275,19,0.23
2025-03-09,Tunduma,1092,17,0.8
2025-03-09,Mbeya,1728,27,0.76
2025-03-09,Makambako,2391,37,0.23
2025-03-09,Morogoro,1133,17,0.51
2025-03-09,Dar es Salaam,758,11,0.25
2025-03-10,Kapiri Mposhi,2362,36,0.59
2025-03-10,Serenje,1835,28,0.55
2025-03-10,Mpika,842,13,0.31
2025-03-10,Nakonde,1276,19,0.11
2025-03-10,Tunduma,1245,19,0.2
2025-03-10,Mbeya,1131,17,0.45
2025-03-10,Makambako,1652,25,0.37
2025-03-10,Morogoro,1113,17,0.24
2025-03-10,Dar es Salaam,3047,47,0.18
2025-03-11,Kapiri Mposhi,1944,30,0.24
2025-03-11,Serenje,1002,15,0.15
2025-03-11,Mpika,1318,20,0.23
2025-03-11,Nakonde,1557,24,0.67
2025-03-11,Tunduma,1516,23,0.38
2025-03-11,Mbeya,989,15,0.16
2025-03-11,Makambako,1283,20,0.64
2025-03-11,Morogoro,1299,20,0.7
2025-03-11,Dar es Salaam,1984,31,0.58
2025-03-12,Kapiri Mposhi,1705,26,0.15
2025-03-12,Serenje,3110,48,0.76
2025-03-12,Mpika,1114,17,0.1
2025-03-12,Nakonde,2247,35,0.47
2025-03-12,Tunduma,1044,16,0.44
2025-03-12,Mbeya,433,6,0.52
2025-03-12,Makambako,1792,27,0.28
2025-03-12,Morogoro,2576,40,0.64
2025-03-12,Dar es Salaam,2387,37,0.79
2025-03-13,Kapiri Mposhi,1653,25,0.85
2025-03-13,Serenje,1499,23,0.61
2025-03-13,Mpika,2544,39,0.32
2025-03-13,Nakonde,2195,34,0.35
2025-03-13,Tunduma,1115,17,0.82
2025-03-13,Mbeya,2926,45,0.26
2025-03-13,Makambako,1401,21,0.67
2025-03-13,Morogoro,2707,42,0.79
2025-03-13,Dar es Salaam,2447,38,0.23
2025-03-14,Kapiri Mposhi,1650,25,0.79
2025-03-14,Serenje,1052,16,0.72
2025-03-14,Mpika,2582,40,0.52
2025-03-14,Nakonde,832,12,0.2
2025-03-14,Tunduma,1275,19,0.83
2025-03-14,Mbeya,870,13,0.59
2025-03-14,Makambako,1061,16,0.49
2025-03-14,Morogoro,2003,31,0.3
2025-03-14,Dar es Salaam,1053,16,0.26
2025-03-15,Kapiri Mposhi,1693,26,0.23
2025-03-15,Serenje,1689,26,0.36
2025-03-15,Mpika,2145,33,0.45
2025-03-15,Nakonde,1784,27,0.46
2025-03-15,Tunduma,477,7,0.47
2025-03-15,Mbeya,2976,46,0.41
2025-03-15,Makambako,2173,33,0.88
2025-03-15,Morogoro,598,9,0.33
2025-03-15,Dar es Salaam,2089,32,0.71
2025-03-16,Kapiri Mposhi,3018,46,0.72
2025-03-16,Serenje,2209,34,0.68
2025-03-16,Mpika,1817,28,0.22
2025-03-16,Nakonde,2570,39,0.11
2025-03-16,Tunduma,2103,32,0.59
2025-03-16,Mbeya,1305,20,0.72
2025-03-16,Makambako,696,10,0.36
2025-03-16,Morogoro,387,6,0.53
2025-03-16,Dar es Salaam,2664,41,0.38
2025-03-17,Kapiri Mposhi,3176,49,0.39
2025-03-17,Serenje,501,7,0.65
2025-03-17,Mpika,570,8,0.26
2025-03-17,Nakonde,1529,23,0.64
2025-03-17,Tunduma,2830,43,0.61
2025-03-17,Mbeya,2948,45,0.82
2025-03-17,Makambako,3038,47,0.85
2025-03-17,Morogoro,2242,34,0.34
2025-03-17,Dar es Salaam,1309,20,0.8
2025-03-18,Kapiri Mposhi,2598,40,0.6
2025-03-18,Serenje,1816,28,0.37
2025-03-18,Mpika,710,11,0.49
2025-03-18,Nakonde,978,15,0.82
2025-03-18,Tunduma,1547,23,0.58
2025-03-18,Mbeya,414,6,0.46
2025-03-18,Makambako,1050,16,0.13
2025-03-18,Morogoro,1514,23,0.45
2025-03-18,Dar es Salaam,3142,48,0.62
2025-03-19,Kapiri Mposhi,2403,37,0.8
2025-03-19,Serenje,3190,49,0.36
2025-03-19,Mpika,1355,20,0.37
2025-03-19,Nakonde,2877,44,0.8
2025-03-19,Tunduma,1284,19,0.13
2025-03-19,Mbeya,2957,45,0.68
2025-03-19,Makambako,1241,19,0.37
2025-03-19,Morogoro,789,12,0.88
2025-03-19,Dar es Salaam,2632,40,0.42
2025-03-20,Kapiri Mposhi,962,14,0.16
2025-03-20,Serenje,2951,45,0.26
2025-03-20,Mpika,1554,24,0.47
2025-03-20,Nakonde,2648,40,0.68
2025-03-20,Tunduma,1624,25,0.78
2025-03-20,Mbeya,1054,16,0.69
2025-03-20,Makambako,1623,25,0.13
2025-03-20,Morogoro,2602,40,0.51
2025-03-20,Dar es Salaam,2034,31,0.68
2025-03-21,Kapiri Mposhi,2375,36,0.58
2025-03-21,Serenje,2253,34,0.73
2025-03-21,Mpika,768,11,0.32
2025-03-21,Nakonde,2192,33,0.33
2025-03-21,Tunduma,1211,18,0.27
2025-03-21,Mbeya,1073,16,0.61
2025-03-21,Makambako,1414,21,0.67
2025-03-21,Morogoro,1005,15,0.24
2025-03-21,Dar es Salaam,1603,24,0.4
2025-03-22,Kapiri Mposhi,389,6,0.24
2025-03-22,Serenje,1103,17,0.3
2025-03-22,Mpika,2786,43,0.42
2025-03-22,Nakonde,405,6,0.51
2025-03-22,Tunduma,2989,46,0.63
2025-03-22,Mbeya,1472,22,0.62
2025-03-22,Makambako,3031,46,0.42
2025-03-22,Morogoro,2010,31,0.11
2025-03-22,Dar es Salaam,2295,35,0.72
2025-03-23,Kapiri Mposhi,777,12,0.29
2025-03-23,Serenje,1204,18,0.24
2025-03-23,Mpika,2972,45,0.46
2025-03-23,Nakonde,1504,23,0.22
2025-03-23,Tunduma,3214,49,0.3
2025-03-23,Mbeya,2600,40,0.86
2025-03-23,Makambako,1134,17,0.39
2025-03-23,Morogoro,2083,32,0.13
2025-03-23,Dar es Salaam,2924,45,0.39
2025-03-24,Kapiri Mposhi,2535,39,0.74
2025-03-24,Serenje,2191,33,0.79
2025-03-24,Mpika,1191,18,0.53
2025-03-24,Nakonde,2903,44,0.32
2025-03-24,Tunduma,1644,25,0.52
2025-03-24,Mbeya,1741,26,0.14
2025-03-24,Makambako,3198,49,0.28
2025-03-24,Morogoro,1792,27,0.35
2025-03-24,Dar es Salaam,1696,26,0.57
2025-03-25,Kapiri Mposhi,1732,26,0.22
2025-03-25,Serenje,1997,30,0.65
2025-03-25,Mpika,551,8,0.86
2025-03-25,Nakonde,1956,30,0.56
2025-03-25,Tunduma,1580,24,0.63
2025-03-25,Mbeya,3241,49,0.12
2025-03-25,Makambako,787,12,0.66
2025-03-25,Morogoro,1545,23,0.64
2025-03-25,Dar es Salaam,3027,46,0.25
2025-03-26,Kapiri Mposhi,1705,26,0.64
2025-03-26,Serenje,2182,33,0.79
2025-03-26,Mpika,499,7,0.3
2025-03-26,Nakonde,1872,28,0.86
2025-03-26,Tunduma,2976,45,0.11
2025-03-26,Mbeya,781,12,0.56
2025-03-26,Makambako,1151,17,0.19
2025-03-26,Morogoro,836,12,0.65
2025-03-26,Dar es Salaam,2090,32,0.63
2025-03-27,Kapiri Mposhi,2113,32,0.62
2025-03-27,Serenje,1700,26,0.58
2025-03-27,Mpika,1135,17,0.88
2025-03-27,Nakonde,1833,28,0.8
2025-03-27,Tunduma,1023,15,0.19
2025-03-27,Mbeya,1029,15,0.84
2025-03-27,Makambako,413,6,0.75
2025-03-27,Morogoro,1688,26,0.35
2025-03-27,Dar es Salaam,2192,33,0.75
2025-03-28,Kapiri Mposhi,2165,33,0.34
2025-03-28,Serenje,979,15,0.1
2025-03-28,Mpika,1312,20,0.55
2025-03-28,Nakonde,2333,35,0.58
2025-03-28,Tunduma,1344,20,0.4
2025-03-28,Mbeya,2940,45,0.11
2025-03-28,Makambako,1638,25,0.47
2025-03-28,Morogoro,1722,26,0.53
2025-03-28,Dar es Salaam,2303,35,0.48
2025-03-29,Kapiri Mposhi,1919,29,0.19
2025-03-29,Serenje,1892,29,0.42
2025-03-29,Mpika,2680,41,0.59
2025-03-29,Nakonde,1615,24,0.54
2025-03-29,Tunduma,1546,23,0.52
2025-03-29,Mbeya,415,6,0.26
2025-03-29,Makambako,1707,26,0.82
2025-03-29,Morogoro,1880,28,0.86
2025-03-29,Dar es Salaam,2764,42,0.84
2025-03-30,Kapiri Mposhi,809,12,0.85
2025-03-30,Serenje,999,15,0.26
2025-03-30,Mpika,2153,33,0.49
2025-03-30,Nakonde,873,13,0.33
2025-03-30,Tunduma,2589,39,0.74
2025-03-30,Mbeya,2561,39,0.35
2025-03-30,Makambako,2265,34,0.67
2025-03-30,Morogoro,391,6,0.32
2025-03-30,Dar es Salaam,3167,48,0.2
2025-03-31,Kapiri Mposhi,2061,31,0.64
2025-03-31,Serenje,1770,27,0.52
2025-03-31,Mpika,967,14,0.31
2025-03-31,Nakonde,435,6,0.44
2025-03-31,Tunduma,2727,41,0.75
2025-03-31,Mbeya,1943,29,0.13
2025-03-31,Makambako,2190,33,0.19
2025-03-31,Morogoro,3234,49,0.58
2025-03-31,Dar es Salaam,2079,32,0.81
2025-04-01,Kapiri Mposhi,1065,16,0.62
2025-04-01,Serenje,1667,25,0.43
2025-04-01,Mpika,2547,39,0.82
2025-04-01,Nakonde,3248,49,0.38
2025-04-01,Tunduma,1505,23,0.72
2025-04-01,Mbeya,453,6,0.69
2025-04-01,Makambako,578,8,0.71
2025-04-01,Morogoro,2290,35,0.57
2025-04-01,Dar es Salaam,2449,37,0.69
2025-04-02,Kapiri Mposhi,2013,30,0.48
2025-04-02,Serenje,1249,19,0.12
2025-04-02,Mpika,1673,25,0.26
2025-04-02,Nakonde,2399,36,0.29
2025-04-02,Tunduma,1819,28,0.58
2025-04-02,Mbeya,1585,24,0.89
2025-04-02,Makambako,2763,42,0.58
2025-04-02,Morogoro,2440,37,0.44
2025-04-02,Dar es Salaam,1687,25,0.37
2025-04-03,Kapiri Mposhi,2473,38,0.68
2025-04-03,Serenje,1936,29,0.72
2025-04-03,Mpika,435,6,0.17
2025-04-03,Nakonde,847,13,0.58
2025-04-03,Tunduma,483,7,0.36
2025-04-03,Mbeya,2877,44,0.37
2025-04-03,Makambako,1308,20,0.45
2025-04-03,Morogoro,1631,25,0.74
2025-04-03,Dar es Salaam,596,9,0.53
2025-04-04,Kapiri Mposhi,2644,40,0.62
2025-04-04,Serenje,463,7,0.37
2025-04-04,Mpika,1888,29,0.9
2025-04-04,Nakonde,1991,30,0.9
2025-04-04,Tunduma,2331,35,0.47
2025-04-04,Mbeya,1248,19,0.55
2025-04-04,Makambako,2817,43,0.61
2025-04-04,Morogoro,1710,26,0.24
2025-04-04,Dar es Salaam,1211,18,0.76
2025-04-05,Kapiri Mposhi,1242,19,0.34
2025-04-05,Serenje,2571,39,0.41
2025-04-05,Mpika,840,12,0.88
2025-04-05,Nakonde,1207,18,0.89
2025-04-05,Tunduma,2041,31,0.53
2025-04-05,Mbeya,760,11,0.52
2025-04-05,Makambako,981,15,0.7
2025-04-05,Morogoro,1928,29,0.59
2025-04-05,Dar es Salaam,2368,36,0.67
2025-04-06,Kapiri Mposhi,1013,15,0.28
2025-04-06,Serenje,2469,38,0.4
2025-04-06,Mpika,3000,46,0.29
2025-04-06,Nakonde,2813,43,0.76
2025-04-06,Tunduma,2630,40,0.46
2025-04-06,Mbeya,792,12,0.23
2025-04-06,Makambako,915,14,0.5
2025-04-06,Morogoro,832,12,0.55
2025-04-06,Dar es Salaam,705,10,0.27
2025-04-07,Kapiri Mposhi,1116,17,0.19
2025-04-07,Serenje,1159,17,0.6
2025-04-07,Mpika,2587,39,0.68
2025-04-07,Nakonde,1619,24,0.75
2025-04-07,Tunduma,906,13,0.42
2025-04-07,Mbeya,557,8,0.28
2025-04-07,Makambako,2741,42,0.56
2025-04-07,Morogoro,733,11,0.76
2025-04-07,Dar es Salaam,1417,21,0.48
2025-04-08,Kapiri Mposhi,2092,32,0.84
2025-04-08,Serenje,2732,42,0.21
2025-04-08,Mpika,1455,22,0.76
2025-04-08,Nakonde,2933,45,0.76
2025-04-08,Tunduma,2564,39,0.39
2025-04-08,Mbeya,1639,25,0.21
2025-04-08,Makambako,2470,38,0.16
2025-04-08,Morogoro,554,8,0.45
2025-04-08,Dar es Salaam,1092,16,0.5
2025-04-09,Kapiri Mposhi,2570,39,0.32
2025-04-09,Serenje,893,13,0.1
2025-04-09,Mpika,443,6,0.6
2025-04-09,Nakonde,1794,27,0.39
2025-04-09,Tunduma,2387,36,0.72
2025-04-09,Mbeya,1220,18,0.49
2025-04-09,Makambako,1283,19,0.15
2025-04-09,Morogoro,1789,27,0.34
2025-04-09,Dar es Salaam,1663,25,0.29
2025-04-10,Kapiri Mposhi,1843,28,0.16
2025-04-10,Serenje,1917,29,0.34
2025-04-10,Mpika,1532,23,0.24
2025-04-10,Nakonde,906,13,0.15
2025-04-10,Tunduma,2716,41,0.9
2025-04-10,Mbeya,3174,48,0.59
2025-04-10,Makambako,1450,22,0.24
2025-04-10,Morogoro,932,14,0.52
2025-04-10,Dar es Salaam,2344,36,0.81
2025-04-11,Kapiri Mposhi,2458,37,0.62
2025-04-11,Serenje,3160,48,0.49
2025-04-11,Mpika,2674,41,0.41
2025-04-11,Nakonde,1048,16,0.3
2025-04-11,Tunduma,2458,37,0.49
2025-04-11,Mbeya,1348,20,0.31
2025-04-11,Makambako,2864,44,0.53
2025-04-11,Morogoro,3125,48,0.36
2025-04-11,Dar es Salaam,2991,46,0.29
2025-04-12,Kapiri Mposhi,3004,46,0.87
2025-04-12,Serenje,599,9,0.4
2025-04-12,Mpika,1030,15,0.54
2025-04-12,Nakonde,1297,20,0.5
2025-04-12,Tunduma,2707,41,0.18
2025-04-12,Mbeya,2629,40,0.79
2025-04-12,Makambako,1195,18,0.69
2025-04-12,Morogoro,1350,20,0.75
2025-04-12,Dar es Salaam,2277,35,0.79
2025-04-13,Kapiri Mposhi,3063,47,0.86
2025-04-13,Serenje,522,8,0.18
2025-04-13,Mpika,895,13,0.85
2025-04-13,Nakonde,1126,17,0.16
2025-04-13,Tunduma,1837,28,0.77
2025-04-13,Mbeya,1407,21,0.76
2025-04-13,Makambako,1368,21,0.63
2025-04-13,Morogoro,489,7,0.81
2025-04-13,Dar es Salaam,1494,23,0.81
2025-04-14,Kapiri Mposhi,2248,34,0.89
2025-04-14,Serenje,3146,48,0.64
2025-04-14,Mpika,1478,22,0.13
2025-04-14,Nakonde,499,7,0.67
2025-04-14,Tunduma,914,14,0.18
2025-04-14,Mbeya,2544,39,0.51
2025-04-14,Makambako,686,10,0.38
2025-04-14,Morogoro,859,13,0.89
2025-04-14,Dar es Salaam,950,14,0.72
2025-04-15,Kapiri Mposhi,2213,34,0.73
2025-04-15,Serenje,1113,17,0.24
2025-04-15,Mpika,2045,31,0.54
2025-04-15,Nakonde,3018,46,0.71
2025-04-15,Tunduma,2122,32,0.44
2025-04-15,Mbeya,1667,25,0.51
2025-04-15,Makambako,1996,30,0.73
2025-04-15,Morogoro,851,13,0.6
2025-04-15,Dar es Salaam,1630,25,0.2
2025-04-16,Kapiri Mposhi,2468,38,0.16
2025-04-16,Serenje,665,10,0.52
2025-04-16,Mpika,630,9,0.82
2025-04-16,Nakonde,2711,42,0.74
2025-04-16,Tunduma,1227,19,0.48
2025-04-16,Mbeya,1379,21,0.58
2025-04-16,Makambako,2601,40,0.84
2025-04-16,Morogoro,2078,32,0.59
2025-04-16,Dar es Salaam,1998,30,0.2
2025-04-17,Kapiri Mposhi,1394,21,0.19
2025-04-17,Serenje,2562,39,0.4
2025-04-17,Mpika,1475,22,0.45
2025-04-17,Nakonde,2968,46,0.2
2025-04-17,Tunduma,1269,19,0.11
2025-04-17,Mbeya,3182,49,0.75
2025-04-17,Makambako,435,6,0.78
2025-04-17,Morogoro,2005,31,0.54
2025-04-17,Dar es Salaam,3217,49,0.7
2025-04-18,Kapiri Mposhi,2867,44,0.7
2025-04-18,Serenje,1218,18,0.24
2025-04-18,Mpika,2651,41,0.24
2025-04-18,Nakonde,1154,17,0.7
2025-04-18,Tunduma,2147,33,0.85
2025-04-18,Mbeya,1376,21,0.21
2025-04-18,Makambako,981,15,0.17
2025-04-18,Morogoro,2299,35,0.5
2025-04-18,Dar es Salaam,498,7,0.37
2025-04-19,Kapiri Mposhi,2603,40,0.69
2025-04-19,Serenje,1046,16,0.34
2025-04-19,Mpika,3042,47,0.22
2025-04-19,Nakonde,1740,27,0.8
2025-04-19,Tunduma,2062,32,0.71
2025-04-19,Mbeya,1844,28,0.23
2025-04-19,Makambako,3184,49,0.69
2025-04-19,Morogoro,1046,16,0.89
2025-04-19,Dar es Salaam,2322,36,0.42
2025-04-20,Kapiri Mposhi,1506,23,0.63
2025-04-20,Serenje,2219,34,0.69
2025-04-20,Mpika,2638,41,0.25
2025-04-20,Nakonde,3158,49,0.73
2025-04-20,Tunduma,787,12,0.13
2025-04-20,Mbeya,2950,45,0.26
2025-04-20,Makambako,2669,41,0.77
2025-04-20,Morogoro,1789,27,0.8
2025-04-20,Dar es Salaam,1829,28,0.2
2025-04-21,Kapiri Mposhi,2185,34,0.61
2025-04-21,Serenje,2859,44,0.81
2025-04-21,Mpika,674,10,0.21
2025-04-21,Nakonde,2298,35,0.1
2025-04-21,Tunduma,1500,23,0.1
2025-04-21,Mbeya,3059,47,0.23
2025-04-21,Makambako,624,9,0.74
2025-04-21,Morogoro,1058,16,0.68
2025-04-21,Dar es Salaam,814,12,0.28
2025-04-22,Kapiri Mposhi,590,9,0.58
2025-04-22,Serenje,2867,44,0.32
2025-04-22,Mpika,459,7,0.36
2025-04-22,Nakonde,2819,44,0.22
2025-04-22,Tunduma,1233,19,0.37
2025-04-22,Mbeya,1077,16,0.89
2025-04-22,Makambako,1844,28,0.73
2025-04-22,Morogoro,3030,47,0.45
2025-04-22,Dar es Salaam,1331,20,0.2
2025-04-23,Kapiri Mposhi,3146,49,0.45
2025-04-23,Serenje,1879,29,0.4
2025-04-23,Mpika,1836,28,0.58
2025-04-23,Nakonde,2080,32,0.9
2025-04-23,Tunduma,1687,26,0.34
2025-04-23,Mbeya,588,9,0.44
2025-04-23,Makambako,2025,31,0.5
2025-04-23,Morogoro,1752,27,0.19
2025-04-23,Dar es Salaam,2600,40,0.89
2025-04-24,Kapiri Mposhi,3156,49,0.41
2025-04-24,Serenje,3172,49,0.86
2025-04-24,Mpika,1450,22,0.25
2025-04-24,Nakonde,2421,37,0.88
2025-04-24,Tunduma,2674,41,0.12
2025-04-24,Mbeya,2790,43,0.77
2025-04-24,Makambako,2973,46,0.66
2025-04-24,Morogoro,2810,44,0.73
2025-04-24,Dar es Salaam,2233,34,0.78
2025-04-25,Kapiri Mposhi,1557,24,0.8
2025-04-25,Serenje,2132,33,0.47
2025-04-25,Mpika,2936,46,0.74
2025-04-25,Nakonde,1279,20,0.49
2025-04-25,Tunduma,2454,38,0.16
2025-04-25,Mbeya,1669,26,0.83
2025-04-25,Makambako,2755,43,0.15
2025-04-25,Morogoro,1256,19,0.59
2025-04-25,Dar es Salaam,621,9,0.42
2025-04-26,Kapiri Mposhi,2443,38,0.63
2025-04-26,Serenje,1078,16,0.11
2025-04-26,Mpika,2203,34,0.15
2025-04-26,Nakonde,2119,33,0.31
2025-04-26,Tunduma,588,9,0.32
2025-04-26,Mbeya,724,11,0.3
2025-04-26,Makambako,2946,46,0.46
2025-04-26,Morogoro,641,10,0.31
2025-04-26,Dar es Salaam,1451,22,0.49
2025-04-27,Kapiri Mposhi,2566,40,0.14
2025-04-27,Serenje,1492,23,0.21
2025-04-27,Mpika,1257,19,0.43
2025-04-27,Nakonde,2188,34,0.12
2025-04-27,Tunduma,1869,29,0.2
2025-04-27,Mbeya,1579,24,0.85
2025-04-27,Makambako,2222,34,0.76
2025-04-27,Morogoro,1518,23,0.6
2025-04-27,Dar es Salaam,589,9,0.89
2025-04-28,Kapiri Mposhi,1782,28,0.22
2025-04-28,Serenje,2604,41,0.25
2025-04-28,Mpika,2839,44,0.35
2025-04-28,Nakonde,1461,23,0.59
2025-04-28,Tunduma,918,14,0.12
2025-04-28,Mbeya,1177,18,0.28
2025-04-28,Makambako,1138,17,0.55
2025-04-28,Morogoro,1131,17,0.88
2025-04-28,Dar es Salaam,1106,17,0.79
2025-04-29,Kapiri Mposhi,3026,47,0.15
2025-04-29,Serenje,602,9,0.53
2025-04-29,Mpika,1602,25,0.28
2025-04-29,Nakonde,1458,23,0.21
2025-04-29,Tunduma,3000,47,0.78
2025-04-29,Mbeya,502,7,0.79
2025-04-29,Makambako,929,14,0.62
2025-04-29,Morogoro,1123,17,0.15
2025-04-29,Dar es Salaam,2047,32,0.75
2025-04-30,Kapiri Mposhi,1150,18,0.14
2025-04-30,Serenje,2722,43,0.5
2025-04-30,Mpika,3007,47,0.31
2025-04-30,Nakonde,1050,16,0.54
2025-04-30,Tunduma,1758,27,0.71
2025-04-30,Mbeya,2500,39,0.26
2025-04-30,Makambako,3066,48,0.8
2025-04-30,Morogoro,1366,21,0.29
2025-04-30,Dar es Salaam,3039,48,0.7
2025-05-01,Kapiri Mposhi,1488,23,0.12
2025-05-01,Serenje,2627,41,0.47
2025-05-01,Mpika,2890,45,0.33
2025-05-01,Nakonde,2367,37,0.5
2025-05-01,Tunduma,1353,21,0.4
2025-05-01,Mbeya,2666,42,0.76
2025-05-01,Makambako,1893,30,0.17
2025-05-01,Morogoro,764,12,0.26
2025-05-01,Dar es Salaam,387,6,0.33
2025-05-02,Kapiri Mposhi,975,15,0.71
2025-05-02,Serenje,987,15,0.61
2025-05-02,Mpika,1515,24,0.42
2025-05-02,Nakonde,2854,45,0.82
2025-05-02,Tunduma,1929,30,0.23
2025-05-02,Mbeya,965,15,0.55
2025-05-02,Makambako,1444,22,0.79
2025-05-02,Morogoro,702,11,0.82
2025-05-02,Dar es Salaam,2767,43,0.89
2025-05-03,Kapiri Mposhi,1650,26,0.25
2025-05-03,Serenje,1145,18,0.69
2025-05-03,Mpika,1239,19,0.22
2025-05-03,Nakonde,2614,41,0.79
2025-05-03,Tunduma,2320,36,0.69
2025-05-03,Mbeya,1824,29,0.43
2025-05-03,Makambako,2776,44,0.2
2025-05-03,Morogoro,1217,19,0.61
2025-05-03,Dar es Salaam,1988,31,0.9
2025-05-04,Kapiri Mposhi,2292,36,0.44
2025-05-04,Serenje,684,10,0.2
2025-05-04,Mpika,2331,37,0.17
2025-05-04,Nakonde,2806,44,0.81
2025-05-04,Tunduma,659,10,0.25
2025-05-04,Mbeya,707,11,0.76
2025-05-04,Makambako,2202,35,0.19
2025-05-04,Morogoro,2153,34,0.82
2025-05-04,Dar es Salaam,2114,33,0.47
2025-05-05,Kapiri Mposhi,1937,30,0.76
2025-05-05,Serenje,1109,17,0.37
2025-05-05,Mpika,1607,25,0.3
2025-05-05,Nakonde,1927,30,0.18
2025-05-05,Tunduma,1600,25,0.44
2025-05-05,Mbeya,425,6,0.69
2025-05-05,Makambako,796,12,0.7
2025-05-05,Morogoro,1494,23,0.38
2025-05-05,Dar es Salaam,2469,39,0.77
2025-05-06,Kapiri Mposhi,1534,24,0.12
2025-05-06,Serenje,2811,45,0.36
2025-05-06,Mpika,1541,24,0.1
2025-05-06,Nakonde,1709,27,0.24
2025-05-06,Tunduma,2474,39,0.28
2025-05-06,Mbeya,1581,25,0.16
2025-05-06,Makambako,1171,18,0.61
2025-05-06,Morogoro,924,14,0.51
2025-05-06,Dar es Salaam,2656,42,0.39
2025-05-07,Kapiri Mposhi,1035,16,0.13
2025-05-07,Serenje,1553,24,0.62
2025-05-07,Mpika,2887,46,0.8
2025-05-07,Nakonde,1058,17,0.75
2025-05-07,Tunduma,2598,41,0.63
2025-05-07,Mbeya,1790,28,0.83
2025-05-07,Makambako,2198,35,0.19
2025-05-07,Morogoro,549,8,0.79
2025-05-07,Dar es Salaam,1418,22,0.2
2025-05-08,Kapiri Mposhi,2461,39,0.88
2025-05-08,Serenje,2272,36,0.44
2025-05-08,Mpika,720,11,0.44
2025-05-08,Nakonde,706,11,0.83
2025-05-08,Tunduma,2545,41,0.2
2025-05-08,Mbeya,474,7,0.88
2025-05-08,Makambako,2172,34,0.66
2025-05-08,Morogoro,1588,25,0.89
2025-05-08,Dar es Salaam,2432,39,0.76
2025-05-09,Kapiri Mposhi,2268,36,0.61
2025-05-09,Serenje,863,13,0.27
2025-05-09,Mpika,2180,35,0.53
2025-05-09,Nakonde,724,11,0.14
2025-05-09,Tunduma,3017,48,0.76
2025-05-09,Mbeya,1387,22,0.34
2025-05-09,Makambako,421,6,0.14
2025-05-09,Morogoro,454,7,0.8
2025-05-09,Dar es Salaam,2379,38,0.81
2025-05-10,Kapiri Mposhi,1949,31,0.16
2025-05-10,Serenje,1711,27,0.74
2025-05-10,Mpika,2462,39,0.44
2025-05-10,Nakonde,1332,21,0.9
2025-05-10,Tunduma,2329,37,0.56
2025-05-10,Mbeya,1186,19,0.15
2025-05-10,Makambako,1975,31,0.28
2025-05-10,Morogoro,2896,46,0.52
2025-05-10,Dar es Salaam,2753,44,0.64
2025-05-11,Kapiri Mposhi,1572,25,0.15
2025-05-11,Serenje,1640,26,0.51
2025-05-11,Mpika,2153,34,0.35
2025-05-11,Nakonde,1018,16,0.58
2025-05-11,Tunduma,2924,47,0.23
2025-05-11,Mbeya,868,14,0.59
2025-05-11,Makambako,2308,37,0.57
2025-05-11,Morogoro,589,9,0.29
2025-05-11,Dar es Salaam,2191,35,0.21
2025-05-12,Kapiri Mposhi,1316,21,0.41
2025-05-12,Serenje,1079,17,0.62
2025-05-12,Mpika,605,9,0.32
2025-05-12,Nakonde,2069,33,0.51
2025-05-12,Tunduma,1733,28,0.43
2025-05-12,Mbeya,2748,44,0.13
2025-05-12,Makambako,689,11,0.14
2025-05-12,Morogoro,2200,35,0.32
2025-05-12,Dar es Salaam,909,14,0.37
2025-05-13,Kapiri Mposhi,1429,23,0.26
2025-05-13,Serenje,1978,32,0.46
2025-05-13,Mpika,2666,43,0.27
2025-05-13,Nakonde,1225,20,0.1
2025-05-13,Tunduma,1991,32,0.14
2025-05-13,Mbeya,1788,29,0.13
2025-05-13,Makambako,1459,23,0.33
2025-05-13,Morogoro,2610,42,0.74
2025-05-13,Dar es Salaam,2780,45,0.27
2025-05-14,Kapiri Mposhi,2060,33,0.14
2025-05-14,Serenje,2566,42,0.75
2025-05-14,Mpika,1364,22,0.59
2025-05-14,Nakonde,1411,23,0.53
2025-05-14,Tunduma,589,9,0.8
2025-05-14,Mbeya,850,13,0.64
2025-05-14,Makambako,2221,36,0.89
2025-05-14,Morogoro,2024,33,0.84
2025-05-14,Dar es Salaam,366,6,0.41
2025-05-15,Kapiri Mposhi,387,6,0.43
2025-05-15,Serenje,920,15,0.64
2025-05-15,Mpika,1745,28,0.59
2025-05-15,Nakonde,2744,45,0.76
2025-05-15,Tunduma,2986,49,0.86
2025-05-15,Mbeya,998,16,0.79
2025-05-15,Makambako,576,9,0.14
2025-05-15,Morogoro,1250,20,0.13
2025-05-15,Dar es Salaam,2651,43,0.65
2025-05-16,Kapiri Mposhi,2001,32,0.41
2025-05-16,Serenje,873,14,0.4
2025-05-16,Mpika,2520,41,0.44
2025-05-16,Nakonde,1709,28,0.82
2025-05-16,Tunduma,766,12,0.16
2025-05-16,Mbeya,2902,47,0.85
2025-05-16,Makambako,1528,25,0.62
2025-05-16,Morogoro,608,10,0.39
2025-05-16,Dar es Salaam,2632,43,0.58
2025-05-17,Kapiri Mposhi,1464,24,0.61
2025-05-17,Serenje,2257,37,0.24
2025-05-17,Mpika,1124,18,0.82
2025-05-17,Nakonde,2424,40,0.76
2025-05-17,Tunduma,1701,28,0.66
2025-05-17,Mbeya,687,11,0.34
2025-05-17,Makambako,2612,43,0.17
2025-05-17,Morogoro,2784,45,0.13
2025-05-17,Dar es Salaam,1861,30,0.75
2025-05-18,Kapiri Mposhi,1751,29,0.37
2025-05-18,Serenje,2091,34,0.62
2025-05-18,Mpika,2559,42,0.41
2025-05-18,Nakonde,1727,28,0.44
2025-05-18,Tunduma,814,13,0.53
2025-05-18,Mbeya,2803,46,0.73
2025-05-18,Makambako,2644,43,0.41
2025-05-18,Morogoro,1786,29,0.56
2025-05-18,Dar es Salaam,1647,27,0.44
2025-05-19,Kapiri Mposhi,793,13,0.81
2025-05-19,Serenje,2819,46,0.4
2025-05-19,Mpika,1735,28,0.66
2025-05-19,Nakonde,2701,44,0.4
2025-05-19,Tunduma,368,6,0.21
2025-05-19,Mbeya,2277,37,0.71
2025-05-19,Makambako,2540,42,0.12
2025-05-19,Morogoro,1460,24,0.61
2025-05-19,Dar es Salaam,2107,35,0.41
2025-05-20,Kapiri Mposhi,510,8,0.58
2025-05-20,Serenje,2555,42,0.78
2025-05-20,Mpika,2058,34,0.39
2025-05-20,Nakonde,2116,35,0.89
2025-05-20,Tunduma,1358,22,0.18
2025-05-20,Mbeya,2338,38,0.21
2025-05-20,Makambako,2039,33,0.88
2025-05-20,Morogoro,2907,48,0.21
2025-05-20,Dar es Salaam,1774,29,0.27
2025-05-21,Kapiri Mposhi,792,13,0.41
2025-05-21,Serenje,1863,31,0.42
2025-05-21,Mpika,2572,43,0.22
2025-05-21,Nakonde,650,10,0.33
2025-05-21,Tunduma,2954,49,0.19
2025-05-21,Mbeya,506,8,0.35
2025-05-21,Makambako,2430,40,0.9
2025-05-21,Morogoro,1311,21,0.33
2025-05-21,Dar es Salaam,2181,36,0.12
2025-05-22,Kapiri Mposhi,1909,32,0.53
2025-05-22,Serenje,2661,44,0.53
2025-05-22,Mpika,1335,22,0.77
2025-05-22,Nakonde,1486,24,0.38
2025-05-22,Tunduma,2000,33,0.31
2025-05-22,Mbeya,1265,21,0.15
2025-05-22,Makambako,813,13,0.32
2025-05-22,Morogoro,714,11,0.76
2025-05-22,Dar es Salaam,1353,22,0.38
2025-05-23,Kapiri Mposhi,2290,38,0.57
2025-05-23,Serenje,1435,24,0.6
2025-05-23,Mpika,2954,49,0.27
2025-05-23,Nakonde,2913,49,0.36
2025-05-23,Tunduma,551,9,0.68
2025-05-23,Mbeya,1910,32,0.78
2025-05-23,Makambako,2625,44,0.28
2025-05-23,Morogoro,2865,48,0.57
2025-05-23,Dar es Salaam,2601,43,0.68
2025-05-24,Kapiri Mposhi,2378,40,0.47
2025-05-24,Serenje,2144,36,0.2
2025-05-24,Mpika,1511,25,0.64
2025-05-24,Nakonde,2677,45,0.8
2025-05-24,Tunduma,2256,38,0.22
2025-05-24,Mbeya,2954,49,0.51
2025-05-24,Makambako,2453,41,0.7
2025-05-24,Morogoro,1043,17,0.57
2025-05-24,Dar es Salaam,1837,31,0.33
2025-05-25,Kapiri Mposhi,1816,30,0.45
2025-05-25,Serenje,2651,44,0.51
2025-05-25,Mpika,2377,40,0.82
2025-05-25,Nakonde,449,7,0.45
2025-05-25,Tunduma,2372,40,0.71
2025-05-25,Mbeya,1418,24,0.86
2025-05-25,Makambako,2553,43,0.78
2025-05-25,Morogoro,1392,23,0.34
2025-05-25,Dar es Salaam,1344,22,0.15
2025-05-26,Kapiri Mposhi,1936,32,0.46
2025-05-26,Serenje,1571,26,0.88
2025-05-26,Mpika,2380,40,0.84
2025-05-26,Nakonde,1690,28,0.48
2025-05-26,Tunduma,2410,40,0.68
2025-05-26,Mbeya,2509,42,0.61
2025-05-26,Makambako,677,11,0.39
2025-05-26,Morogoro,1170,19,0.52
2025-05-26,Dar es Salaam,374,6,0.26
2025-05-27,Kapiri Mposhi,482,8,0.17
2025-05-27,Serenje,985,16,0.11
2025-05-27,Mpika,1626,27,0.37
2025-05-27,Nakonde,2194,37,0.69
2025-05-27,Tunduma,2194,37,0.1
2025-05-27,Mbeya,1110,18,0.72
2025-05-27,Makambako,586,10,0.71
2025-05-27,Morogoro,991,16,0.59
2025-05-27,Dar es Salaam,1290,22,0.16
2025-05-28,Kapiri Mposhi,832,14,0.12
2025-05-28,Serenje,1632,27,0.38
2025-05-28,Mpika,1411,24,0.75
2025-05-28,Nakonde,2703,46,0.16
2025-05-28,Tunduma,2837,48,0.52
2025-05-28,Mbeya,2161,37,0.65
2025-05-28,Makambako,2312,39,0.5
2025-05-28,Morogoro,874,14,0.67
2025-05-28,Dar es Salaam,2870,49,0.27
2025-05-29,Kapiri Mposhi,1876,32,0.32
2025-05-29,Serenje,1789,30,0.84
2025-05-29,Mpika,2199,37,0.82
2025-05-29,Nakonde,2196,37,0.77
2025-05-29,Tunduma,2318,39,0.88
2025-05-29,Mbeya,2159,37,0.27
2025-05-29,Makambako,1866,32,0.2
2025-05-29,Morogoro,560,9,0.5
2025-05-29,Dar es Salaam,2058,35,0.46
2025-05-30,Kapiri Mposhi,2062,35,0.54
2025-05-30,Serenje,1111,19,0.65
2025-05-30,Mpika,1519,26,0.34
2025-05-30,Nakonde,1559,26,0.55
2025-05-30,Tunduma,1771,30,0.83
2025-05-30,Mbeya,2073,35,0.42
2025-05-30,Makambako,2608,45,0.33
2025-05-30,Morogoro,1331,22,0.76
2025-05-30,Dar es Salaam,1620,27,0.32
2025-05-31,Kapiri Mposhi,2037,35,0.1
2025-05-31,Serenje,2522,43,0.14
2025-05-31,Mpika,1629,28,0.77
2025-05-31,Nakonde,2609,45,0.37
2025-05-31,Tunduma,1371,23,0.17
2025-05-31,Mbeya,1116,19,0.18
2025-05-31,Makambako,2242,38,0.32
2025-05-31,Morogoro,2593,44,0.79
2025-05-31,Dar es Salaam,2049,35,0.73
2025-06-01,Kapiri Mposhi,1286,22,0.45
2025-06-01,Serenje,571,9,0.4
2025-06-01,Mpika,2640,45,0.64
2025-06-01,Nakonde,885,15,0.5
2025-06-01,Tunduma,1412,24,0.84
2025-06-01,Mbeya,1386,24,0.21
2025-06-01,Makambako,614,10,0.63
2025-06-01,Morogoro,1412,24,0.32
2025-06-01,Dar es Salaam,945,16,0.86
2025-06-02,Kapiri Mposhi,836,14,0.86
2025-06-02,Serenje,2333,40,0.18
2025-06-02,Mpika,2344,40,0.62
2025-06-02,Nakonde,1388,24,0.39
2025-06-02,Tunduma,1864,32,0.41
2025-06-02,Mbeya,1516,26,0.45
2025-06-02,Makambako,2084,36,0.27
2025-06-02,Morogoro,2632,45,0.72
2025-06-02,Dar es Salaam,1342,23,0.14
2025-06-03,Kapiri Mposhi,1524,26,0.43
2025-06-03,Serenje,794,13,0.43
2025-06-03,Mpika,1081,18,0.63
2025-06-03,Nakonde,2033,35,0.68
2025-06-03,Tunduma,2630,46,0.27
2025-06-03,Mbeya,2485,43,0.59
2025-06-03,Makambako,526,9,0.42
2025-06-03,Morogoro,1226,21,0.62
2025-06-03,Dar es Salaam,1541,27,0.88
2025-06-04,Kapiri Mposhi,1408,24,0.42
2025-06-04,Serenje,1274,22,0.26
2025-06-04,Mpika,744,13,0.17
2025-06-04,Nakonde,607,10,0.39
2025-06-04,Tunduma,2723,47,0.19
2025-06-04,Mbeya,2242,39,0.54
2025-06-04,Makambako,2728,48,0.65
2025-06-04,Morogoro,2404,42,0.77
2025-06-04,Dar es Salaam,792,13,0.43
2025-06-05,Kapiri Mposhi,776,13,0.42
2025-06-05,Serenje,2676,47,0.82
2025-06-05,Mpika,1339,23,0.11
2025-06-05,Nakonde,532,9,0.8
2025-06-05,Tunduma,1925,34,0.52
2025-06-05,Mbeya,473,8,0.72
2025-06-05,Makambako,2774,49,0.21
2025-06-05,Morogoro,2598,45,0.2
2025-06-05,Dar es Salaam,2269,40,0.72
2025-06-06,Kapiri Mposhi,2251,39,0.25
2025-06-06,Serenje,2321,41,0.33
2025-06-06,Mpika,374,6,0.69
2025-06-06,Nakonde,2659,47,0.1
2025-06-06,Tunduma,882,15,0.54
2025-06-06,Mbeya,683,12,0.12
2025-06-06,Makambako,710,12,0.76
2025-06-06,Morogoro,2005,35,0.27
2025-06-06,Dar es Salaam,1558,27,0.34
2025-06-07,Kapiri Mposhi,554,9,0.67
2025-06-07,Serenje,1739,30,0.49
2025-06-07,Mpika,1574,28,0.15
2025-06-07,Nakonde,1730,30,0.57
2025-06-07,Tunduma,1602,28,0.85
2025-06-07,Mbeya,2410,42,0.89
2025-06-07,Makambako,823,14,0.62
2025-06-07,Morogoro,647,11,0.39
2025-06-07,Dar es Salaam,2126,37,0.68
2025-06-08,Kapiri Mposhi,363,6,0.78
2025-06-08,Serenje,849,15,0.75
2025-06-08,Mpika,1555,27,0.41
2025-06-08,Nakonde,2564,45,0.31
2025-06-08,Tunduma,1534,27,0.86
2025-06-08,Mbeya,575,10,0.68
2025-06-08,Makambako,2115,37,0.81
2025-06-08,Morogoro,1101,19,0.15
2025-06-08,Dar es Salaam,2321,41,0.84
2025-06-09,Kapiri Mposhi,2385,42,0.28
2025-06-09,Serenje,2103,37,0.43
2025-06-09,Mpika,2500,44,0.71
2025-06-09,Nakonde,1608,28,0.64
2025-06-09,Tunduma,2484,44,0.47
2025-06-09,Mbeya,2616,47,0.23
2025-06-09,Makambako,1576,28,0.49
2025-06-09,Morogoro,881,15,0.14
2025-06-09,Dar es Salaam,2668,47,0.78
2025-06-10,Kapiri Mposhi,2207,39,0.63
2025-06-10,Serenje,974,17,0.86
2025-06-10,Mpika,2388,43,0.86
2025-06-10,Nakonde,1834,33,0.31
2025-06-10,Tunduma,2132,38,0.84
2025-06-10,Mbeya,2556,46,0.16
2025-06-10,Makambako,1313,23,0.11
2025-06-10,Morogoro,1898,34,0.25
2025-06-10,Dar es Salaam,1310,23,0.69
2025-06-11,Kapiri Mposhi,2728,49,0.85
2025-06-11,Serenje,1013,18,0.42
2025-06-11,Mpika,1356,24,0.71
2025-06-11,Nakonde,338,6,0.72
2025-06-11,Tunduma,2559,46,0.3
2025-06-11,Mbeya,1503,27,0.73
2025-06-11,Makambako,2402,43,0.78
2025-06-11,Morogoro,481,8,0.77
2025-06-11,Dar es Salaam,2136,38,0.4
2025-06-12,Kapiri Mposhi,2253,41,0.75
2025-06-12,Serenje,1286,23,0.78
2025-06-12,Mpika,1365,24,0.18
2025-06-12,Nakonde,712,12,0.48
2025-06-12,Tunduma,2171,39,0.1
2025-06-12,Mbeya,1935,35,0.42
2025-06-12,Makambako,1061,19,0.86
2025-06-12,Morogoro,2720,49,0.14
2025-06-12,Dar es Salaam,687,12,0.4
2025-06-13,Kapiri Mposhi,1399,25,0.17
2025-06-13,Serenje,2110,38,0.83
2025-06-13,Mpika,626,11,0.89
2025-06-13,Nakonde,1268,23,0.55
2025-06-13,Tunduma,1536,28,0.63
2025-06-13,Mbeya,2692,49,0.82
2025-06-13,Makambako,495,9,0.83
2025-06-13,Morogoro,1738,31,0.77
2025-06-13,Dar es Salaam,1492,27,0.13
2025-06-14,Kapiri Mposhi,2409,44,0.87
2025-06-14,Serenje,2256,41,0.28
2025-06-14,Mpika,2072,38,0.57
2025-06-14,Nakonde,1034,19,0.55
2025-06-14,Tunduma,1045,19,0.51
2025-06-14,Mbeya,1559,28,0.38
2025-06-14,Makambako,2546,46,0.86
2025-06-14,Morogoro,926,17,0.42
2025-06-14,Dar es Salaam,828,15,0.72
2025-06-15,Kapiri Mposhi,1271,23,0.81
2025-06-15,Serenje,563,10,0.3
2025-06-15,Mpika,1833,33,0.37
2025-06-15,Nakonde,990,18,0.13
2025-06-15,Tunduma,839,15,0.16
2025-06-15,Mbeya,617,11,0.8
2025-06-15,Makambako,2406,44,0.43
2025-06-15,Morogoro,367,6,0.14
2025-06-15,Dar es Salaam,1401,25,0.72
2025-06-16,Kapiri Mposhi,635,11,0.8
2025-06-16,Serenje,623,11,0.84
2025-06-16,Mpika,1253,23,0.2
2025-06-16,Nakonde,1057,19,0.1
2025-06-16,Tunduma,1078,19,0.52
2025-06-16,Mbeya,1812,33,0.68
2025-06-16,Makambako,2091,38,0.34
2025-06-16,Morogoro,551,10,0.28
2025-06-16,Dar es Salaam,2173,40,0.14
2025-06-17,Kapiri Mposhi,2456,45,0.87
2025-06-17,Serenje,1969,36,0.61
2025-06-17,Mpika,2457,45,0.71
2025-06-17,Nakonde,2308,42,0.34
2025-06-17,Tunduma,1254,23,0.67
2025-06-17,Mbeya,1862,34,0.32
2025-06-17,Makambako,853,15,0.82
2025-06-17,Morogoro,2372,44,0.42
2025-06-17,Dar es Salaam,1444,26,0.41
2025-06-18,Kapiri Mposhi,2449,45,0.63
2025-06-18,Serenje,2268,42,0.7
2025-06-18,Mpika,2543,47,0.23
2025-06-18,Nakonde,591,11,0.57
2025-06-18,Tunduma,330,6,0.49
2025-06-18,Mbeya,2013,37,0.34
2025-06-18,Makambako,483,9,0.2
2025-06-18,Morogoro,2304,43,0.67
2025-06-18,Dar es Salaam,1501,28,0.85
2025-06-19,Kapiri Mposhi,1501,28,0.23
2025-06-19,Serenje,2355,44,0.74
2025-06-19,Mpika,1389,26,0.66
2025-06-19,Nakonde,495,9,0.78
2025-06-19,Tunduma,1130,21,0.14
2025-06-19,Mbeya,2575,48,0.38
2025-06-19,Makambako,596,11,0.63
2025-06-19,Morogoro,1955,36,0.2
2025-06-19,Dar es Salaam,915,17,0.68
2025-06-20,Kapiri Mposhi,501,9,0.45
2025-06-20,Serenje,519,9,0.5
2025-06-20,Mpika,1903,35,0.23
2025-06-20,Nakonde,1977,37,0.41
2025-06-20,Tunduma,2368,44,0.11
2025-06-20,Mbeya,362,6,0.77
2025-06-20,Makambako,399,7,0.66
2025-06-20,Morogoro,1686,31,0.77
2025-06-20,Dar es Salaam,1120,21,0.29
2025-06-21,Kapiri Mposhi,1265,24,0.54
2025-06-21,Serenje,1571,29,0.14
2025-06-21,Mpika,1871,35,0.67
2025-06-21,Nakonde,726,13,0.19
2025-06-21,Tunduma,2271,43,0.67
2025-06-21,Mbeya,1009,19,0.42
2025-06-21,Makambako,1254,23,0.8
2025-06-21,Morogoro,791,15,0.6
2025-06-21,Dar es Salaam,1936,36,0.8
2025-06-22,Kapiri Mposhi,1239,23,0.5
2025-06-22,Serenje,1194,22,0.3
2025-06-22,Mpika,706,13,0.56
2025-06-22,Nakonde,937,17,0.6
2025-06-22,Tunduma,838,15,0.64
2025-06-22,Mbeya,432,8,0.12
2025-06-22,Makambako,2332,44,0.38
2025-06-22,Morogoro,1808,34,0.85
2025-06-22,Dar es Salaam,855,16,0.69
2025-06-23,Kapiri Mposhi,2572,49,0.3
2025-06-23,Serenje,1712,32,0.17
2025-06-23,Mpika,331,6,0.64
2025-06-23,Nakonde,1850,35,0.26
2025-06-23,Tunduma,783,15,0.89
2025-06-23,Mbeya,1468,28,0.64
2025-06-23,Makambako,536,10,0.26
2025-06-23,Morogoro,445,8,0.7
2025-06-23,Dar es Salaam,1105,21,0.89
2025-06-24,Kapiri Mposhi,2196,42,0.32
2025-06-24,Serenje,685,13,0.88
2025-06-24,Mpika,1970,37,0.51
2025-06-24,Nakonde,2455,47,0.18
2025-06-24,Tunduma,1711,32,0.88
2025-06-24,Mbeya,1017,19,0.69
2025-06-24,Makambako,1860,35,0.44
2025-06-24,Morogoro,2089,40,0.42
2025-06-24,Dar es Salaam,1118,21,0.51
2025-06-25,Kapiri Mposhi,2197,42,0.31
2025-06-25,Serenje,2024,39,0.54
2025-06-25,Mpika,331,6,0.22
2025-06-25,Nakonde,535,10,0.16
2025-06-25,Tunduma,2446,47,0.34
2025-06-25,Mbeya,1290,24,0.66
2025-06-25,Makambako,725,14,0.6
2025-06-25,Morogoro,1795,34,0.61
2025-06-25,Dar es Salaam,1505,29,0.3
2025-06-26,Kapiri Mposhi,382,7,0.67
2025-06-26,Serenje,883,17,0.57
2025-06-26,Mpika,1816,35,0.32
2025-06-26,Nakonde,732,14,0.24
2025-06-26,Tunduma,1518,29,0.46
2025-06-26,Mbeya,1151,22,0.86
2025-06-26,Makambako,988,19,0.85
2025-06-26,Morogoro,1615,31,0.57
2025-06-26,Dar es Salaam,934,18,0.4
2025-06-27,Kapiri Mposhi,2382,46,0.43
2025-06-27,Serenje,613,12,0.57
2025-06-27,Mpika,1141,22,0.53
2025-06-27,Nakonde,390,7,0.87
2025-06-27,Tunduma,2448,47,0.25
2025-06-27,Mbeya,486,9,0.63
2025-06-27,Makambako,1167,22,0.11
2025-06-27,Morogoro,2456,48,0.36
2025-06-27,Dar es Salaam,2127,41,0.7
2025-06-28,Kapiri Mposhi,1763,34,0.45
2025-06-28,Serenje,960,18,0.45
2025-06-28,Mpika,378,7,0.45
2025-06-28,Nakonde,1599,31,0.28
2025-06-28,Tunduma,348,6,0.61
2025-06-28,Mbeya,1848,36,0.17
2025-06-28,Makambako,680,13,0.75
2025-06-28,Morogoro,1459,28,0.69
2025-06-28,Dar es Salaam,1394,27,0.12
2025-06-29,Kapiri Mposhi,2370,46,0.11
2025-06-29,Serenje,1259,24,0.83
2025-06-29,Mpika,364,7,0.44
2025-06-29,Nakonde,1658,32,0.58
2025-06-29,Tunduma,1874,37,0.16
2025-06-29,Mbeya,1647,32,0.37
2025-06-29,Makambako,1682,33,0.74
2025-06-29,Morogoro,581,11,0.49
2025-06-29,Dar es Salaam,2322,45,0.51
2025-06-30,Kapiri Mposhi,1324,26,0.69
2025-06-30,Serenje,2115,41,0.15
2025-06-30,Mpika,795,15,0.44
2025-06-30,Nakonde,694,13,0.74
2025-06-30,Tunduma,598,11,0.32
2025-06-30,Mbeya,2032,40,0.79
2025-06-30,Makambako,2189,43,0.73
2025-06-30,Morogoro,749,14,0.8
2025-06-30,Dar es Salaam,2489,49,0.66
2025-07-01,Kapiri Mposhi,2347,46,0.5
2025-07-01,Serenje,1947,38,0.85
2025-07-01,Mpika,2445,48,0.44
2025-07-01,Nakonde,362,7,0.33
2025-07-01,Tunduma,1465,29,0.58
2025-07-01,Mbeya,1531,30,0.34
2025-07-01,Makambako,556,11,0.43
2025-07-01,Morogoro,1177,23,0.49
2025-07-01,Dar es Salaam,1124,22,0.67
2025-07-02,Kapiri Mposhi,2071,41,0.43
2025-07-02,Serenje,1931,38,0.23
2025-07-02,Mpika,1303,26,0.51
2025-07-02,Nakonde,2325,46,0.25
2025-07-02,Tunduma,2361,47,0.7
2025-07-02,Mbeya,1914,38,0.46
2025-07-02,Makambako,1259,25,0.33
2025-07-02,Morogoro,493,9,0.84
2025-07-02,Dar es Salaam,1042,20,0.53
2025-07-03,Kapiri Mposhi,571,11,0.69
2025-07-03,Serenje,2195,44,0.76
2025-07-03,Mpika,2055,41,0.35
2025-07-03,Nakonde,859,17,0.86
2025-07-03,Tunduma,1856,37,0.61
2025-07-03,Mbeya,1488,30,0.5
2025-07-03,Makambako,2425,48,0.35
2025-07-03,Morogoro,432,8,0.16
2025-07-03,Dar es Salaam,2436,49,0.5
2025-07-04,Kapiri Mposhi,948,19,0.52
2025-07-04,Serenje,381,7,0.77
2025-07-04,Mpika,1587,32,0.47
2025-07-04,Nakonde,783,15,0.49
2025-07-04,Tunduma,1350,27,0.23
2025-07-04,Mbeya,884,17,0.67
2025-07-04,Makambako,932,18,0.73
2025-07-04,Morogoro,1904,38,0.23
2025-07-04,Dar es Salaam,580,11,0.38
2025-07-05,Kapiri Mposhi,920,18,0.23
2025-07-05,Serenje,783,15,0.29
2025-07-05,Mpika,1937,39,0.61
2025-07-05,Nakonde,406,8,0.28
2025-07-05,Tunduma,1999,40,0.27
2025-07-05,Mbeya,437,8,0.37
2025-07-05,Makambako,698,14,0.56
2025-07-05,Morogoro,1798,36,0.43
2025-07-05,Dar es Salaam,312,6,0.64
2025-07-06,Kapiri Mposhi,2206,45,0.66
2025-07-06,Serenje,730,14,0.26
2025-07-06,Mpika,1638,33,0.43
2025-07-06,Nakonde,2168,44,0.61
2025-07-06,Tunduma,525,10,0.19
2025-07-06,Mbeya,1715,35,0.5
2025-07-06,Makambako,580,11,0.21
2025-07-06,Morogoro,2309,47,0.27
2025-07-06,Dar es Salaam,1609,32,0.71
2025-07-07,Kapiri Mposhi,1292,26,0.72
2025-07-07,Serenje,1385,28,0.44
2025-07-07,Mpika,2017,41,0.59
2025-07-07,Nakonde,534,11,0.48
2025-07-07,Tunduma,2260,46,0.65
2025-07-07,Mbeya,1654,34,0.81
2025-07-07,Makambako,1356,27,0.53
2025-07-07,Morogoro,781,16,0.8
2025-07-07,Dar es Salaam,1639,33,0.37
2025-07-08,Kapiri Mposhi,1471,30,0.46
2025-07-08,Serenje,616,12,0.76
2025-07-08,Mpika,703,14,0.49
2025-07-08,Nakonde,423,8,0.16
2025-07-08,Tunduma,812,16,0.62
2025-07-08,Mbeya,660,13,0.26
2025-07-08,Makambako,2121,43,0.87
2025-07-08,Morogoro,996,20,0.54
2025-07-08,Dar es Salaam,951,19,0.46
2025-07-09,Kapiri Mposhi,798,16,0.9
2025-07-09,Serenje,897,18,0.13
2025-07-09,Mpika,2090,43,0.16
2025-07-09,Nakonde,485,10,0.4
2025-07-09,Tunduma,2313,48,0.67
2025-07-09,Mbeya,906,18,0.47
2025-07-09,Makambako,2121,44,0.14
2025-07-09,Morogoro,2348,48,0.11
2025-07-09,Dar es Salaam,1150,23,0.63
2025-07-10,Kapiri Mposhi,927,19,0.74
2025-07-10,Serenje,973,20,0.14
2025-07-10,Mpika,2156,45,0.71
2025-07-10,Nakonde,524,10,0.54
2025-07-10,Tunduma,2058,43,0.74
2025-07-10,Mbeya,1466,30,0.6
2025-07-10,Makambako,843,17,0.63
2025-07-10,Morogoro,496,10,0.41
2025-07-10,Dar es Salaam,1233,25,0.58
2025-07-11,Kapiri Mposhi,1100,23,0.81
2025-07-11,Serenje,1978,41,0.61
2025-07-11,Mpika,1907,40,0.43
2025-07-11,Nakonde,335,7,0.41
2025-07-11,Tunduma,870,18,0.35
2025-07-11,Mbeya,1192,25,0.79
2025-07-11,Makambako,902,18,0.51
2025-07-11,Morogoro,1577,33,0.16
2025-07-11,Dar es Salaam,637,13,0.76
2025-07-12,Kapiri Mposhi,905,19,0.87
2025-07-12,Serenje,1600,33,0.32
2025-07-12,Mpika,508,10,0.61
2025-07-12,Nakonde,2278,48,0.36
2025-07-12,Tunduma,2190,46,0.25
2025-07-12,Mbeya,1156,24,0.58
2025-07-12,Makambako,1806,38,0.63
2025-07-12,Morogoro,1205,25,0.76
2025-07-12,Dar es Salaam,1999,42,0.89
2025-07-13,Kapiri Mposhi,2170,46,0.17
2025-07-13,Serenje,473,10,0.22
2025-07-13,Mpika,650,13,0.12
2025-07-13,Nakonde,1310,27,0.43
2025-07-13,Tunduma,853,18,0.29
2025-07-13,Mbeya,1731,36,0.6
2025-07-13,Makambako,2010,42,0.63
2025-07-13,Morogoro,1449,30,0.82
2025-07-13,Dar es Salaam,1902,40,0.51
2025-07-14,Kapiri Mposhi,705,15,0.9
2025-07-14,Serenje,495,10,0.18
2025-07-14,Mpika,1408,30,0.67
2025-07-14,Nakonde,1753,37,0.18
2025-07-14,Tunduma,1848,39,0.36
2025-07-14,Mbeya,1323,28,0.75
2025-07-14,Makambako,1660,35,0.9
2025-07-14,Morogoro,1870,39,0.56
2025-07-14,Dar es Salaam,2062,44,0.87
2025-07-15,Kapiri Mposhi,742,15,0.42
2025-07-15,Serenje,2183,46,0.16
2025-07-15,Mpika,432,9,0.11
2025-07-15,Nakonde,1134,24,0.6
2025-07-15,Tunduma,1201,25,0.35
2025-07-15,Mbeya,1450,31,0.1
2025-07-15,Makambako,757,16,0.6
2025-07-15,Morogoro,2313,49,0.41
2025-07-15,Dar es Salaam,341,7,0.89
2025-07-16,Kapiri Mposhi,631,13,0.69
2025-07-16,Serenje,2241,48,0.21
2025-07-16,Mpika,1480,31,0.56
2025-07-16,Nakonde,2076,44,0.4
2025-07-16,Tunduma,1197,25,0.37
2025-07-16,Mbeya,1516,32,0.48
2025-07-16,Makambako,1836,39,0.88
2025-07-16,Morogoro,2058,44,0.79
2025-07-16,Dar es Salaam,2077,44,0.5
2025-07-17,Kapiri Mposhi,540,11,0.46
2025-07-17,Serenje,1740,37,0.79
2025-07-17,Mpika,1287,27,0.23
2025-07-17,Nakonde,1609,34,0.62
2025-07-17,Tunduma,1197,26,0.16
2025-07-17,Mbeya,1120,24,0.22
2025-07-17,Makambako,1821,39,0.26
2025-07-17,Morogoro,649,14,0.46
2025-07-17,Dar es Salaam,360,7,0.86
2025-07-18,Kapiri Mposhi,671,14,0.72
2025-07-18,Serenje,617,13,0.24
2025-07-18,Mpika,463,10,0.77
2025-07-18,Nakonde,1319,28,0.65
2025-07-18,Tunduma,356,7,0.42
2025-07-18,Mbeya,1975,43,0.56
2025-07-18,Makambako,1975,43,0.84
2025-07-18,Morogoro,1749,38,0.57
2025-07-18,Dar es Salaam,2069,45,0.58
2025-07-19,Kapiri Mposhi,1231,27,0.44
2025-07-19,Serenje,1115,24,0.83
2025-07-19,Mpika,844,18,0.3
2025-07-19,Nakonde,1130,24,0.63
2025-07-19,Tunduma,1161,25,0.79
2025-07-19,Mbeya,1422,31,0.65
2025-07-19,Makambako,1370,30,0.74
2025-07-19,Morogoro,1670,36,0.2
2025-07-19,Dar es Salaam,435,9,0.12
2025-07-20,Kapiri Mposhi,1410,31,0.65
2025-07-20,Serenje,1386,30,0.78
2025-07-20,Mpika,1478,32,0.88
2025-07-20,Nakonde,1127,24,0.64
2025-07-20,Tunduma,1109,24,0.17
2025-07-20,Mbeya,1672,36,0.73
2025-07-20,Makambako,1263,27,0.27
2025-07-20,Morogoro,1925,42,0.48
2025-07-20,Dar es Salaam,316,6,0.31
2025-07-21,Kapiri Mposhi,1085,24,0.16
2025-07-21,Serenje,975,21,0.22
2025-07-21,Mpika,2108,46,0.87
2025-07-21,Nakonde,1459,32,0.11
2025-07-21,Tunduma,2020,44,0.74
2025-07-21,Mbeya,368,8,0.6
2025-07-21,Makambako,1276,28,0.29
2025-07-21,Morogoro,1246,27,0.76
2025-07-21,Dar es Salaam,843,18,0.34
2025-07-22,Kapiri Mposhi,300,6,0.27
2025-07-22,Serenje,1488,33,0.37
2025-07-22,Mpika,1953,43,0.22
2025-07-22,Nakonde,295,6,0.34
2025-07-22,Tunduma,2071,46,0.59
2025-07-22,Mbeya,703,15,0.72
2025-07-22,Makambako,2010,44,0.6
2025-07-22,Morogoro,1927,43,0.49
2025-07-22,Dar es Salaam,1156,25,0.42
2025-07-23,Kapiri Mposhi,1570,35,0.15
2025-07-23,Serenje,468,10,0.47
2025-07-23,Mpika,1258,28,0.56
2025-07-23,Nakonde,1133,25,0.72
2025-07-23,Tunduma,1535,34,0.26
2025-07-23,Mbeya,2048,45,0.53
2025-07-23,Makambako,871,19,0.55
2025-07-23,Morogoro,302,6,0.4
2025-07-23,Dar es Salaam,1252,28,0.48
2025-07-24,Kapiri Mposhi,661,14,0.55
2025-07-24,Serenje,1360,30,0.63
2025-07-24,Mpika,466,10,0.74
2025-07-24,Nakonde,1562,35,0.66
2025-07-24,Tunduma,430,9,0.71
2025-07-24,Mbeya,1979,44,0.81
2025-07-24,Makambako,2067,46,0.24
2025-07-24,Morogoro,1133,25,0.69
2025-07-24,Dar es Salaam,1933,43,0.8
2025-07-25,Kapiri Mposhi,537,12,0.28
2025-07-25,Serenje,1652,37,0.85
2025-07-25,Mpika,1759,39,0.32
2025-07-25,Nakonde,1538,34,0.78
2025-07-25,Tunduma,310,7,0.32
2025-07-25,Mbeya,1733,39,0.25
2025-07-25,Makambako,898,20,0.33
2025-07-25,Morogoro,327,7,0.4
2025-07-25,Dar es Salaam,2075,47,0.4
2025-07-26,Kapiri Mposhi,601,13,0.82
2025-07-26,Serenje,1315,30,0.68
2025-07-26,Mpika,568,12,0.74
2025-07-26,Nakonde,532,12,0.64
2025-07-26,Tunduma,1982,45,0.3
2025-07-26,Mbeya,898,20,0.8
2025-07-26,Makambako,598,13,0.31
2025-07-26,Morogoro,722,16,0.6
2025-07-26,Dar es Salaam,504,11,0.4
2025-07-27,Kapiri Mposhi,554,12,0.22
2025-07-27,Serenje,680,15,0.54
2025-07-27,Mpika,2003,45,0.18
2025-07-27,Nakonde,1440,33,0.84
2025-07-27,Tunduma,355,8,0.86
2025-07-27,Mbeya,547,12,0.27
2025-07-27,Makambako,1251,28,0.83
2025-07-27,Morogoro,1587,36,0.72
2025-07-27,Dar es Salaam,1765,40,0.22
2025-07-28,Kapiri Mposhi,886,20,0.51
2025-07-28,Serenje,1015,23,0.85
2025-07-28,Mpika,691,15,0.42
2025-07-28,Nakonde,1229,28,0.48
2025-07-28,Tunduma,1296,29,0.12
2025-07-28,Mbeya,1689,38,0.37
2025-07-28,Makambako,1553,35,0.59
2025-07-28,Morogoro,1322,30,0.47
2025-07-28,Dar es Salaam,749,17,0.14
2025-07-29,Kapiri Mposhi,1739,40,0.32
2025-07-29,Serenje,1854,42,0.45
2025-07-29,Mpika,1741,40,0.9
2025-07-29,Nakonde,1180,27,0.12
2025-07-29,Tunduma,1226,28,0.27
2025-07-29,Mbeya,1817,42,0.47
2025-07-29,Makambako,1136,26,0.59
2025-07-29,Morogoro,320,7,0.84
2025-07-29,Dar es Salaam,1373,31,0.4
2025-07-30,Kapiri Mposhi,1014,23,0.7
2025-07-30,Serenje,1549,36,0.29
2025-07-30,Mpika,886,20,0.79
2025-07-30,Nakonde,620,14,0.84
2025-07-30,Tunduma,591,13,0.39
2025-07-30,Mbeya,783,18,0.12
2025-07-30,Makambako,421,9,0.44
2025-07-30,Morogoro,1747,40,0.72
2025-07-30,Dar es Salaam,451,10,0.43
2025-07-31,Kapiri Mposhi,953,22,0.37
2025-07-31,Serenje,1514,35,0.63
2025-07-31,Mpika,1856,43,0.61
2025-07-31,Nakonde,2000,46,0.59
2025-07-31,Tunduma,1153,27,0.78
2025-07-31,Mbeya,505,11,0.81
2025-07-31,Makambako,2054,48,0.46
2025-07-31,Morogoro,1089,25,0.66
2025-07-31,Dar es Salaam,1340,31,0.45
2025-08-01,Kapiri Mposhi,2064,48,0.35
2025-08-01,Serenje,1425,33,0.21
2025-08-01,Mpika,1715,40,0.45
2025-08-01,Nakonde,1016,23,0.17
2025-08-01,Tunduma,1076,25,0.85
2025-08-01,Mbeya,1038,24,0.17
2025-08-01,Makambako,410,9,0.58
2025-08-01,Morogoro,1442,33,0.87
2025-08-01,Dar es Salaam,710,16,0.83
2025-08-02,Kapiri Mposhi,1607,38,0.3
2025-08-02,Serenje,1179,27,0.7
2025-08-02,Mpika,381,9,0.75
2025-08-02,Nakonde,1924,45,0.85
2025-08-02,Tunduma,481,11,0.47
2025-08-02,Mbeya,341,8,0.63
2025-08-02,Makambako,1698,40,0.42
2025-08-02,Morogoro,619,14,0.82
2025-08-02,Dar es Salaam,1516,35,0.34
2025-08-03,Kapiri Mposhi,1690,40,0.65
2025-08-03,Serenje,359,8,0.45
2025-08-03,Mpika,1598,38,0.25
2025-08-03,Nakonde,376,8,0.44
2025-08-03,Tunduma,1476,35,0.76
2025-08-03,Mbeya,1506,35,0.69
2025-08-03,Makambako,994,23,0.33
2025-08-03,Morogoro,461,10,0.21
2025-08-03,Dar es Salaam,1071,25,0.45
2025-08-04,Kapiri Mposhi,1073,25,0.19
2025-08-04,Serenje,2021,48,0.82
2025-08-04,Mpika,1360,32,0.11
2025-08-04,Nakonde,326,7,0.85
2025-08-04,Tunduma,868,20,0.55
2025-08-04,Mbeya,1661,39,0.66
2025-08-04,Makambako,2078,49,0.36
2025-08-04,Morogoro,1094,26,0.17
2025-08-04,Dar es Salaam,419,10,0.74
2025-08-05,Kapiri Mposhi,1957,47,0.18
2025-08-05,Serenje,1677,40,0.47
2025-08-05,Mpika,1999,48,0.17
2025-08-05,Nakonde,972,23,0.27
2025-08-05,Tunduma,735,17,0.82
2025-08-05,Mbeya,1528,36,0.69
2025-08-05,Makambako,1683,40,0.59
2025-08-05,Morogoro,1749,42,0.53
2025-08-05,Dar es Salaam,951,22,0.8
2025-08-06,Kapiri Mposhi,985,23,0.7
2025-08-06,Serenje,1042,25,0.85
2025-08-06,Mpika,1457,35,0.44
2025-08-06,Nakonde,749,18,0.31
2025-08-06,Tunduma,1907,46,0.29
2025-08-06,Mbeya,805,19,0.14
2025-08-06,Makambako,1562,37,0.12
2025-08-06,Morogoro,990,23,0.47
2025-08-06,Dar es Salaam,704,17,0.89
2025-08-07,Kapiri Mposhi,873,21,0.56
2025-08-07,Serenje,1440,34,0.76
2025-08-07,Mpika,1261,30,0.16
2025-08-07,Nakonde,1917,46,0.74
2025-08-07,Tunduma,1736,42,0.36
2025-08-07,Mbeya,1627,39,0.17
2025-08-07,Makambako,945,22,0.39
2025-08-07,Morogoro,599,14,0.77
2025-08-07,Dar es Salaam,1286,31,0.21
2025-08-08,Kapiri Mposhi,781,19,0.76
2025-08-08,Serenje,465,11,0.47
2025-08-08,Mpika,1284,31,0.26
2025-08-08,Nakonde,1133,27,0.19
2025-08-08,Tunduma,1049,25,0.16
2025-08-08,Mbeya,578,14,0.53
2025-08-08,Makambako,1944,47,0.85
2025-08-08,Morogoro,1053,25,0.43
2025-08-08,Dar es Salaam,826,20,0.62
2025-08-09,Kapiri Mposhi,858,21,0.88
2025-08-09,Serenje,1281,31,0.67
2025-08-09,Mpika,1924,47,0.28
2025-08-09,Nakonde,697,17,0.19
2025-08-09,Tunduma,259,6,0.72
2025-08-09,Mbeya,1062,26,0.65
2025-08-09,Makambako,1824,44,0.29
2025-08-09,Morogoro,1629,39,0.42
2025-08-09,Dar es Salaam,596,14,0.14
2025-08-10,Kapiri Mposhi,1819,44,0.59
2025-08-10,Serenje,360,8,0.82
2025-08-10,Mpika,1114,27,0.18
2025-08-10,Nakonde,891,21,0.7
2025-08-10,Tunduma,1177,29,0.63
2025-08-10,Mbeya,618,15,0.42
2025-08-10,Makambako,898,22,0.23
2025-08-10,Morogoro,836,20,0.83
2025-08-10,Dar es Salaam,1388,34,0.44
2025-08-11,Kapiri Mposhi,1297,32,0.51
2025-08-11,Serenje,1224,30,0.55
2025-08-11,Mpika,853,21,0.35
2025-08-11,Nakonde,379,9,0.31
2025-08-11,Tunduma,1517,37,0.77
2025-08-11,Mbeya,948,23,0.83
2025-08-11,Makambako,1050,26,0.35
2025-08-11,Morogoro,1437,35,0.35
2025-08-11,Dar es Salaam,1227,30,0.72
2025-08-12,Kapiri Mposhi,580,14,0.69
2025-08-12,Serenje,377,9,0.81
2025-08-12,Mpika,604,15,0.11
2025-08-12,Nakonde,1827,45,0.78
2025-08-12,Tunduma,1890,47,0.3
2025-08-12,Mbeya,1403,34,0.54
2025-08-12,Makambako,607,15,0.35
2025-08-12,Morogoro,1233,30,0.27
2025-08-12,Dar es Salaam,599,14,0.32
2025-08-13,Kapiri Mposhi,887,22,0.88
2025-08-13,Serenje,1368,34,0.36
2025-08-13,Mpika,885,22,0.27
2025-08-13,Nakonde,819,20,0.76
2025-08-13,Tunduma,1212,30,0.42
2025-08-13,Mbeya,1761,44,0.6
2025-08-13,Makambako,1017,25,0.89
2025-08-13,Morogoro,1469,36,0.9
2025-08-13,Dar es Salaam,1937,48,0.63
2025-08-14,Kapiri Mposhi,416,10,0.44
2025-08-14,Serenje,907,22,0.24
2025-08-14,Mpika,1118,28,0.81
2025-08-14,Nakonde,1107,27,0.35
2025-08-14,Tunduma,1256,31,0.83
2025-08-14,Mbeya,1843,46,0.24
2025-08-14,Makambako,631,15,0.71
2025-08-14,Morogoro,809,20,0.68
2025-08-14,Dar es Salaam,1302,32,0.37
2025-08-15,Kapiri Mposhi,1789,45,0.14
2025-08-15,Serenje,328,8,0.37
2025-08-15,Mpika,1664,42,0.29
2025-08-15,Nakonde,1462,36,0.76
2025-08-15,Tunduma,779,19,0.34
2025-08-15,Mbeya,1402,35,0.32
2025-08-15,Makambako,1954,49,0.44
2025-08-15,Morogoro,1901,48,0.27
2025-08-15,Dar es Salaam,857,21,0.56
2025-08-16,Kapiri Mposhi,1460,37,0.79
2025-08-16,Serenje,383,9,0.57
2025-08-16,Mpika,986,25,0.73
2025-08-16,Nakonde,575,14,0.3
2025-08-16,Tunduma,295,7,0.39
2025-08-16,Mbeya,1752,44,0.88
2025-08-16,Makambako,887,22,0.53
2025-08-16,Morogoro,701,17,0.32
2025-08-16,Dar es Salaam,1735,44,0.51
2025-08-17,Kapiri Mposhi,685,17,0.14
2025-08-17,Serenje,1851,47,0.43
2025-08-17,Mpika,247,6,0.28
2025-08-17,Nakonde,599,15,0.28
2025-08-17,Tunduma,642,16,0.84
2025-08-17,Mbeya,799,20,0.25
2025-08-17,Makambako,728,18,0.37
2025-08-17,Morogoro,294,7,0.33
2025-08-17,Dar es Salaam,1651,42,0.7
2025-08-18,Kapiri Mposhi,1818,46,0.8
2025-08-18,Serenje,1331,34,0.45
2025-08-18,Mpika,385,9,0.49
2025-08-18,Nakonde,1374,35,0.23
2025-08-18,Tunduma,716,18,0.27
2025-08-18,Mbeya,1854,47,0.83
2025-08-18,Makambako,456,11,0.22
2025-08-18,Morogoro,888,22,0.38
2025-08-18,Dar es Salaam,408,10,0.64
2025-08-19,Kapiri Mposhi,971,24,0.13
2025-08-19,Serenje,267,6,0.37
2025-08-19,Mpika,1851,47,0.25
2025-08-19,Nakonde,877,22,0.88
2025-08-19,Tunduma,1703,43,0.81
2025-08-19,Mbeya,1314,33,0.34
2025-08-19,Makambako,1740,44,0.62
2025-08-19,Morogoro,347,8,0.64
2025-08-19,Dar es Salaam,534,13,0.18
2025-08-20,Kapiri Mposhi,940,24,0.63
2025-08-20,Serenje,446,11,0.64
2025-08-20,Mpika,1645,42,0.12
2025-08-20,Nakonde,709,18,0.5
2025-08-20,Tunduma,680,17,0.88
2025-08-20,Mbeya,1147,29,0.63
2025-08-20,Makambako,1684,43,0.79
2025-08-20,Morogoro,1286,33,0.89
2025-08-20,Dar es Salaam,454,11,0.6
2025-08-21,Kapiri Mposhi,1701,44,0.46
2025-08-21,Serenje,1685,43,0.78
2025-08-21,Mpika,419,10,0.44
2025-08-21,Nakonde,1908,49,0.2
2025-08-21,Tunduma,493,12,0.72
2025-08-21,Mbeya,1335,34,0.52
2025-08-21,Makambako,930,24,0.13
2025-08-21,Morogoro,1288,33,0.26
2025-08-21,Dar es Salaam,661,17,0.27
2025-08-22,Kapiri Mposhi,1311,34,0.58
2025-08-22,Serenje,1098,28,0.15
2025-08-22,Mpika,857,22,0.64
2025-08-22,Nakonde,238,6,0.22
2025-08-22,Tunduma,732,19,0.1
2025-08-22,Mbeya,1824,47,0.4
2025-08-22,Makambako,1089,28,0.28
2025-08-22,Morogoro,570,14,0.85
2025-08-22,Dar es Salaam,1581,41,0.6
2025-08-23,Kapiri Mposhi,1287,33,0.62
2025-08-23,Serenje,550,14,0.62
2025-08-23,Mpika,1192,31,0.58
2025-08-23,Nakonde,586,15,0.66
2025-08-23,Tunduma,1227,32,0.69
2025-08-23,Mbeya,1373,35,0.58
2025-08-23,Makambako,1802,47,0.37
2025-08-23,Morogoro,677,17,0.12
2025-08-23,Dar es Salaam,627,16,0.17
2025-08-24,Kapiri Mposhi,1530,40,0.12
2025-08-24,Serenje,273,7,0.72
2025-08-24,Mpika,1338,35,0.54
2025-08-24,Nakonde,1778,46,0.34
2025-08-24,Tunduma,1517,39,0.74
2025-08-24,Mbeya,628,16,0.81
2025-08-24,Makambako,1881,49,0.12
2025-08-24,Morogoro,1668,43,0.58
2025-08-24,Dar es Salaam,740,19,0.83
2025-08-25,Kapiri Mposhi,478,12,0.22
2025-08-25,Serenje,1347,35,0.67
2025-08-25,Mpika,1321,34,0.68
2025-08-25,Nakonde,1272,33,0.58
2025-08-25,Tunduma,1075,28,0.64
2025-08-25,Mbeya,350,9,0.59
2025-08-25,Makambako,374,9,0.3
2025-08-25,Morogoro,319,8,0.17
2025-08-25,Dar es Salaam,958,25,0.63
2025-08-26,Kapiri Mposhi,1568,41,0.57
2025-08-26,Serenje,1747,46,0.13
2025-08-26,Mpika,914,24,0.82
2025-08-26,Nakonde,1535,40,0.2
2025-08-26,Tunduma,1418,37,0.84
2025-08-26,Mbeya,1232,32,0.83
2025-08-26,Makambako,686,18,0.35
2025-08-26,Morogoro,506,13,0.62
2025-08-26,Dar es Salaam,1671,44,0.34
2025-08-27,Kapiri Mposhi,257,6,0.1
2025-08-27,Serenje,1262,33,0.39
2025-08-27,Mpika,287,7,0.22
2025-08-27,Nakonde,826,21,0.78
2025-08-27,Tunduma,1480,39,0.51
2025-08-27,Mbeya,470,12,0.75
2025-08-27,Makambako,1718,45,0.59
2025-08-27,Morogoro,606,16,0.28
2025-08-27,Dar es Salaam,1819,48,0.18
2025-08-28,Kapiri Mposhi,1631,43,0.16
2025-08-28,Serenje,1691,45,0.89
2025-08-28,Mpika,1248,33,0.42
2025-08-28,Nakonde,1798,48,0.8
2025-08-28,Tunduma,1409,37,0.47
2025-08-28,Mbeya,1801,48,0.48
2025-08-28,Makambako,320,8,0.42
2025-08-28,Morogoro,862,23,0.65
2025-08-28,Dar es Salaam,1780,47,0.66
2025-08-29,Kapiri Mposhi,1849,49,0.69
2025-08-29,Serenje,1342,35,0.2
2025-08-29,Mpika,1451,38,0.31
2025-08-29,Nakonde,1494,40,0.8
2025-08-29,Tunduma,350,9,0.25
2025-08-29,Mbeya,1051,28,0.35
2025-08-29,Makambako,1834,49,0.59
2025-08-29,Morogoro,1019,27,0.26
2025-08-29,Dar es Salaam,1742,46,0.54
2025-08-30,Kapiri Mposhi,860,23,0.19
2025-08-30,Serenje,1003,26,0.34
2025-08-30,Mpika,909,24,0.72
2025-08-30,Nakonde,379,10,0.77
2025-08-30,Tunduma,802,21,0.48
2025-08-30,Mbeya,1563,42,0.61
2025-08-30,Makambako,528,14,0.85
2025-08-30,Morogoro,539,14,0.32
2025-08-30,Dar es Salaam,922,24,0.58
2025-08-31,Kapiri Mposhi,1253,33,0.59
2025-08-31,Serenje,1408,38,0.88
2025-08-31,Mpika,464,12,0.57
2025-08-31,Nakonde,1679,45,0.39
2025-08-31,Tunduma,419,11,0.83
2025-08-31,Mbeya,1662,44,0.66
2025-08-31,Makambako,1625,43,0.55
2025-08-31,Morogoro,1446,39,0.52
2025-08-31,Dar es Salaam,666,17,0.84
2025-09-01,Kapiri Mposhi,1175,31,0.71
2025-09-01,Serenje,307,8,0.34
2025-09-01,Mpika,1818,49,0.64
2025-09-01,Nakonde,1032,27,0.84
2025-09-01,Tunduma,1738,47,0.46
2025-09-01,Mbeya,1300,35,0.54
2025-09-01,Makambako,804,21,0.35
2025-09-01,Morogoro,772,20,0.88
2025-09-01,Dar es Salaam,618,16,0.75
2025-09-02,Kapiri Mposhi,1317,35,0.16
2025-09-02,Serenje,807,21,0.5
2025-09-02,Mpika,749,20,0.19
2025-09-02,Nakonde,724,19,0.19
2025-09-02,Tunduma,1721,46,0.89
2025-09-02,Mbeya,593,16,0.63
2025-09-02,Makambako,399,10,0.42
2025-09-02,Morogoro,1598,43,0.86
2025-09-02,Dar es Salaam,1098,29,0.24
2025-09-03,Kapiri Mposhi,1294,35,0.58
2025-09-03,Serenje,498,13,0.19
2025-09-03,Mpika,1694,46,0.37
2025-09-03,Nakonde,1519,41,0.41
2025-09-03,Tunduma,901,24,0.13
2025-09-03,Mbeya,691,18,0.27
2025-09-03,Makambako,754,20,0.27
2025-09-03,Morogoro,1773,48,0.58
2025-09-03,Dar es Salaam,554,15,0.18
2025-09-04,Kapiri Mposhi,891,24,0.74
2025-09-04,Serenje,1659,45,0.52
2025-09-04,Mpika,1560,42,0.55
2025-09-04,Nakonde,1586,43,0.22
2025-09-04,Tunduma,1081,29,0.34
2025-09-04,Mbeya,627,17,0.8
2025-09-04,Makambako,526,14,0.16
2025-09-04,Morogoro,440,12,0.36
2025-09-04,Dar es Salaam,1170,32,0.48
2025-09-05,Kapiri Mposhi,1789,49,0.83
2025-09-05,Serenje,1550,42,0.73
2025-09-05,Mpika,723,19,0.26
2025-09-05,Nakonde,405,11,0.36
2025-09-05,Tunduma,1589,43,0.88
2025-09-05,Mbeya,642,17,0.58
2025-09-05,Makambako,231,6,0.51
2025-09-05,Morogoro,1224,33,0.11
2025-09-05,Dar es Salaam,1735,47,0.22
2025-09-06,Kapiri Mposhi,1342,36,0.86
2025-09-06,Serenje,329,9,0.37
2025-09-06,Mpika,1140,31,0.17
2025-09-06,Nakonde,1513,41,0.28
2025-09-06,Tunduma,760,20,0.21
2025-09-06,Mbeya,414,11,0.59
2025-09-06,Makambako,1315,36,0.4
2025-09-06,Morogoro,416,11,0.58
2025-09-06,Dar es Salaam,1457,40,0.47
2025-09-07,Kapiri Mposhi,522,14,0.27
2025-09-07,Serenje,637,17,0.26
2025-09-07,Mpika,855,23,0.5
2025-09-07,Nakonde,1671,46,0.54
2025-09-07,Tunduma,494,13,0.61
2025-09-07,Mbeya,1369,37,0.3
2025-09-07,Makambako,1584,43,0.53
2025-09-07,Morogoro,1257,34,0.43
2025-09-07,Dar es Salaam,346,9,0.6
2025-09-08,Kapiri Mposhi,407,11,0.12
2025-09-08,Serenje,1356,37,0.33
2025-09-08,Mpika,1194,33,0.53
2025-09-08,Nakonde,859,23,0.16
2025-09-08,Tunduma,884,24,0.11
2025-09-08,Mbeya,1235,34,0.25
2025-09-08,Makambako,237,6,0.41
2025-09-08,Morogoro,1242,34,0.42
2025-09-08,Dar es Salaam,641,17,0.86
2025-09-09,Kapiri Mposhi,867,24,0.32
2025-09-09,Serenje,1779,49,0.22
2025-09-09,Mpika,1602,44,0.11
2025-09-09,Nakonde,540,15,0.16
2025-09-09,Tunduma,1193,33,0.9
2025-09-09,Mbeya,1698,47,0.55
2025-09-09,Makambako,948,26,0.83
2025-09-09,Morogoro,820,22,0.14
2025-09-09,Dar es Salaam,1523,42,0.53
2025-09-10,Kapiri Mposhi,1667,46,0.46
2025-09-10,Serenje,1304,36,0.57
2025-09-10,Mpika,1463,40,0.34
2025-09-10,Nakonde,434,12,0.24
2025-09-10,Tunduma,1454,40,0.2
2025-09-10,Mbeya,1215,33,0.64
2025-09-10,Makambako,516,14,0.39
2025-09-10,Morogoro,311,8,0.65
2025-09-10,Dar es Salaam,1258,35,0.14
2025-09-11,Kapiri Mposhi,1049,29,0.17
2025-09-11,Serenje,1519,42,0.16
2025-09-11,Mpika,1177,32,0.64
2025-09-11,Nakonde,988,27,0.43
2025-09-11,Tunduma,294,8,0.43
2025-09-11,Mbeya,550,15,0.56
2025-09-11,Makambako,798,22,0.89
2025-09-11,Morogoro,1671,46,0.87
2025-09-11,Dar es Salaam,862,24,0.54
2025-09-12,Kapiri Mposhi,1513,42,0.35
2025-09-12,Serenje,319,8,0.24
2025-09-12,Mpika,476,13,0.27
2025-09-12,Nakonde,1672,46,0.19
2025-09-12,Tunduma,339,9,0.84
2025-09-12,Mbeya,568,15,0.45
2025-09-12,Makambako,1491,41,0.62
2025-09-12,Morogoro,1051,29,0.89
2025-09-12,Dar es Salaam,1167,32,0.65
2025-09-13,Kapiri Mposhi,954,26,0.76
2025-09-13,Serenje,1250,35,0.49
2025-09-13,Mpika,716,20,0.43
2025-09-13,Nakonde,1551,43,0.75
2025-09-13,Tunduma,1558,43,0.69
2025-09-13,Mbeya,1150,32,0.77
2025-09-13,Makambako,707,19,0.79
2025-09-13,Morogoro,1070,30,0.87
2025-09-13,Dar es Salaam,1380,38,0.21
2025-09-14,Kapiri Mposhi,1286,36,0.47
2025-09-14,Serenje,422,11,0.42
2025-09-14,Mpika,1186,33,0.55
2025-09-14,Nakonde,511,14,0.42
2025-09-14,Tunduma,1255,35,0.86
2025-09-14,Mbeya,273,7,0.45
2025-09-14,Makambako,273,7,0.89
2025-09-14,Morogoro,1718,48,0.38
2025-09-14,Dar es Salaam,659,18,0.64
2025-09-15,Kapiri Mposhi,865,24,0.57
2025-09-15,Serenje,1359,38,0.58
2025-09-15,Mpika,1548,43,0.3
2025-09-15,Nakonde,1592,44,0.48
2025-09-15,Tunduma,865,24,0.35
2025-09-15,Mbeya,1271,35,0.16
2025-09-15,Makambako,1156,32,0.12
2025-09-15,Morogoro,697,19,0.48
2025-09-15,Dar es Salaam,1247,35,0.55
2025-09-16,Kapiri Mposhi,1185,33,0.66
2025-09-16,Serenje,1742,49,0.43
2025-09-16,Mpika,422,11,0.59
2025-09-16,Nakonde,1356,38,0.45
2025-09-16,Tunduma,1737,48,0.83
2025-09-16,Mbeya,1367,38,0.58
2025-09-16,Makambako,1621,45,0.33
2025-09-16,Morogoro,1292,36,0.43
2025-09-16,Dar es Salaam,852,24,0.12
2025-09-17,Kapiri Mposhi,1400,39,0.18
2025-09-17,Serenje,757,21,0.24
2025-09-17,Mpika,1188,33,0.15
2025-09-17,Nakonde,1313,37,0.6
2025-09-17,Tunduma,1107,31,0.39
2025-09-17,Mbeya,1467,41,0.3
2025-09-17,Makambako,1663,46,0.26
2025-09-17,Morogoro,571,16,0.2
2025-09-17,Dar es Salaam,456,12,0.35
2025-09-18,Kapiri Mposhi,367,10,0.75
2025-09-18,Serenje,722,20,0.59
2025-09-18,Mpika,1288,36,0.3
2025-09-18,Nakonde,551,15,0.32
2025-09-18,Tunduma,1246,35,0.41
2025-09-18,Mbeya,455,12,0.54
2025-09-18,Makambako,1674,47,0.44
2025-09-18,Morogoro,1546,43,0.77
2025-09-18,Dar es Salaam,1282,36,0.17
2025-09-19,Kapiri Mposhi,918,26,0.72
2025-09-19,Serenje,1652,46,0.27
2025-09-19,Mpika,886,25,0.11
2025-09-19,Nakonde,480,13,0.75
2025-09-19,Tunduma,1667,47,0.41
2025-09-19,Mbeya,1052,29,0.64
2025-09-19,Makambako,1030,29,0.33
2025-09-19,Morogoro,403,11,0.37
2025-09-19,Dar es Salaam,1561,44,0.81
2025-09-20,Kapiri Mposhi,766,21,0.75
2025-09-20,Serenje,650,18,0.64
2025-09-20,Mpika,872,24,0.69
2025-09-20,Nakonde,999,28,0.21
2025-09-20,Tunduma,258,7,0.14
2025-09-20,Mbeya,578,16,0.21
2025-09-20,Makambako,1363,38,0.82
2025-09-20,Morogoro,1048,29,0.5
2025-09-20,Dar es Salaam,597,16,0.29
2025-09-21,Kapiri Mposhi,261,7,0.71
2025-09-21,Serenje,1465,41,0.43
2025-09-21,Mpika,767,21,0.6
2025-09-21,Nakonde,1517,43,0.62
2025-09-21,Tunduma,1038,29,0.41
2025-09-21,Mbeya,336,9,0.81
2025-09-21,Makambako,728,20,0.65
2025-09-21,Morogoro,765,21,0.41
2025-09-21,Dar es Salaam,357,10,0.25
2025-09-22,Kapiri Mposhi,1376,39,0.56
2025-09-22,Serenje,1005,28,0.68
2025-09-22,Mpika,628,17,0.27
2025-09-22,Nakonde,1065,30,0.61
2025-09-22,Tunduma,1441,40,0.42
2025-09-22,Mbeya,1259,35,0.52
2025-09-22,Makambako,311,8,0.75
2025-09-22,Morogoro,362,10,0.36
2025-09-22,Dar es Salaam,1259,35,0.87
2025-09-23,Kapiri Mposhi,1030,29,0.49
2025-09-23,Serenje,373,10,0.75
2025-09-23,Mpika,1443,41,0.58
2025-09-23,Nakonde,1318,37,0.54
2025-09-23,Tunduma,893,25,0.8
2025-09-23,Mbeya,574,16,0.65
2025-09-23,Makambako,1743,49,0.65
2025-09-23,Morogoro,1576,44,0.14
2025-09-23,Dar es Salaam,1129,32,0.74
2025-09-24,Kapiri Mposhi,1045,29,0.1
2025-09-24,Serenje,692,19,0.36
2025-09-24,Mpika,1057,30,0.29
2025-09-24,Nakonde,790,22,0.75
2025-09-24,Tunduma,1481,42,0.33
2025-09-24,Mbeya,970,27,0.74
2025-09-24,Makambako,1364,38,0.66
2025-09-24,Morogoro,343,9,0.17
2025-09-24,Dar es Salaam,706,20,0.6
2025-09-25,Kapiri Mposhi,481,13,0.24
2025-09-25,Serenje,641,18,0.79
2025-09-25,Mpika,1647,46,0.48
2025-09-25,Nakonde,888,25,0.41
2025-09-25,Tunduma,1014,28,0.77
2025-09-25,Mbeya,1548,44,0.61
2025-09-25,Makambako,1267,36,0.56
2025-09-25,Morogoro,1418,40,0.58
2025-09-25,Dar es Salaam,1200,34,0.88
2025-09-26,Kapiri Mposhi,1647,47,0.67
2025-09-26,Serenje,1240,35,0.42
2025-09-26,Mpika,522,14,0.66
2025-09-26,Nakonde,1149,32,0.39
2025-09-26,Tunduma,1477,42,0.34
2025-09-26,Mbeya,1523,43,0.43
2025-09-26,Makambako,712,20,0.36
2025-09-26,Morogoro,1335,38,0.38
2025-09-26,Dar es Salaam,603,17,0.61
2025-09-27,Kapiri Mposhi,480,13,0.6
2025-09-27,Serenje,891,25,0.34
2025-09-27,Mpika,898,25,0.88
2025-09-27,Nakonde,1418,40,0.21
2025-09-27,Tunduma,1546,44,0.54
2025-09-27,Mbeya,927,26,0.14
2025-09-27,Makambako,264,7,0.39
2025-09-27,Morogoro,832,23,0.24
2025-09-27,Dar es Salaam,984,28,0.45
2025-09-28,Kapiri Mposhi,1260,36,0.13
2025-09-28,Serenje,854,24,0.21
2025-09-28,Mpika,483,13,0.42
2025-09-28,Nakonde,1176,33,0.63
2025-09-28,Tunduma,447,12,0.44
2025-09-28,Mbeya,739,21,0.75
2025-09-28,Makambako,867,24,0.47
2025-09-28,Morogoro,518,14,0.14
2025-09-28,Dar es Salaam,627,17,0.63
2025-09-29,Kapiri Mposhi,812,23,0.58
2025-09-29,Serenje,908,25,0.78
2025-09-29,Mpika,1295,37,0.4
2025-09-29,Nakonde,1267,36,0.48
2025-09-29,Tunduma,1224,34,0.28
2025-09-29,Mbeya,394,11,0.54
2025-09-29,Makambako,1233,35,0.7
2025-09-29,Morogoro,1352,38,0.68
2025-09-29,Dar es Salaam,835,23,0.44
2025-09-30,Kapiri Mposhi,360,10,0.35
2025-09-30,Serenje,1730,49,0.38
2025-09-30,Mpika,1404,40,0.7
2025-09-30,Nakonde,1717,49,0.19
2025-09-30,Tunduma,368,10,0.83
2025-09-30,Mbeya,1250,35,0.29
2025-09-30,Makambako,1543,44,0.25
2025-09-30,Morogoro,965,27,0.6
2025-09-30,Dar es Salaam,938,26,0.46
2025-10-01,Kapiri Mposhi,1722,49,0.46
2025-10-01,Serenje,415,11,0.75
2025-10-01,Mpika,893,25,0.79
2025-10-01,Nakonde,852,24,0.64
2025-10-01,Tunduma,1484,42,0.72
2025-10-01,Mbeya,787,22,0.13
2025-10-01,Makambako,1692,48,0.49
2025-10-01,Morogoro,1358,38,0.55
2025-10-01,Dar es Salaam,538,15,0.73
2025-10-02,Kapiri Mposhi,973,27,0.89
2025-10-02,Serenje,245,7,0.79
2025-10-02,Mpika,1484,42,0.67
2025-10-02,Nakonde,1518,43,0.79
2025-10-02,Tunduma,1227,35,0.42
2025-10-02,Mbeya,1615,46,0.15
2025-10-02,Makambako,797,22,0.35
2025-10-02,Morogoro,378,10,0.21
2025-10-02,Dar es Salaam,1195,34,0.15
2025-10-03,Kapiri Mposhi,267,7,0.44
2025-10-03,Serenje,875,25,0.28
2025-10-03,Mpika,611,17,0.4
2025-10-03,Nakonde,530,15,0.82
2025-10-03,Tunduma,1275,36,0.36
2025-10-03,Mbeya,1599,45,0.86
2025-10-03,Makambako,1721,49,0.67
2025-10-03,Morogoro,294,8,0.34
2025-10-03,Dar es Salaam,488,13,0.64
2025-10-04,Kapiri Mposhi,1071,30,0.73
2025-10-04,Serenje,1121,32,0.67
2025-10-04,Mpika,1548,44,0.2
2025-10-04,Nakonde,1264,36,0.83
2025-10-04,Tunduma,1552,44,0.13
2025-10-04,Mbeya,1580,45,0.24
2025-10-04,Makambako,837,23,0.3
2025-10-04,Morogoro,1591,45,0.21
2025-10-04,Dar es Salaam,252,7,0.49
2025-10-05,Kapiri Mposhi,255,7,0.77
2025-10-05,Serenje,1420,40,0.83
2025-10-05,Mpika,584,16,0.88
2025-10-05,Nakonde,1720,49,0.33
2025-10-05,Tunduma,913,26,0.41
2025-10-05,Mbeya,938,26,0.23
2025-10-05,Makambako,210,6,0.23
2025-10-05,Morogoro,297,8,0.46
2025-10-05,Dar es Salaam,1514,43,0.62
2025-10-06,Kapiri Mposhi,300,8,0.22
2025-10-06,Serenje,1066,30,0.73
2025-10-06,Mpika,842,24,0.43
2025-10-06,Nakonde,1123,32,0.86
2025-10-06,Tunduma,483,13,0.31
2025-10-06,Mbeya,228,6,0.38
2025-10-06,Makambako,593,16,0.24
2025-10-06,Morogoro,703,20,0.19
2025-10-06,Dar es Salaam,1325,37,0.76
2025-10-07,Kapiri Mposhi,804,22,0.89
2025-10-07,Serenje,1162,33,0.48
2025-10-07,Mpika,1702,48,0.6
2025-10-07,Nakonde,592,16,0.46
2025-10-07,Tunduma,1669,47,0.66
2025-10-07,Mbeya,1562,44,0.76
2025-10-07,Makambako,1054,30,0.61
2025-10-07,Morogoro,368,10,0.65
2025-10-07,Dar es Salaam,853,24,0.41
2025-10-08,Kapiri Mposhi,1700,48,0.87
2025-10-08,Serenje,1408,40,0.55
2025-10-08,Mpika,249,7,0.57
2025-10-08,Nakonde,1670,47,0.39
2025-10-08,Tunduma,678,19,0.67
2025-10-08,Mbeya,559,15,0.48
2025-10-08,Makambako,658,18,0.19
2025-10-08,Morogoro,1657,47,0.37
2025-10-08,Dar es Salaam,902,25,0.35
2025-10-09,Kapiri Mposhi,1702,48,0.68
2025-10-09,Serenje,510,14,0.17
2025-10-09,Mpika,239,6,0.16
2025-10-09,Nakonde,467,13,0.34
2025-10-09,Tunduma,722,20,0.83
2025-10-09,Mbeya,1177,33,0.49
2025-10-09,Makambako,1153,32,0.75
2025-10-09,Morogoro,1122,31,0.23
2025-10-09,Dar es Salaam,996,28,0.26
2025-10-10,Kapiri Mposhi,1434,40,0.29
2025-10-10,Serenje,699,19,0.33
2025-10-10,Mpika,622,17,0.53
2025-10-10,Nakonde,1321,37,0.23
2025-10-10,Tunduma,1722,48,0.58
2025-10-10,Mbeya,1303,37,0.4
2025-10-10,Makambako,320,9,0.37
2025-10-10,Morogoro,1215,34,0.57
2025-10-10,Dar es Salaam,603,17,0.8
2025-10-11,Kapiri Mposhi,319,9,0.47
2025-10-11,Serenje,913,25,0.8
2025-10-11,Mpika,1600,45,0.49
2025-10-11,Nakonde,1040,29,0.37
2025-10-11,Tunduma,275,7,0.6
2025-10-11,Mbeya,1270,36,0.49
2025-10-11,Makambako,1631,46,0.83
2025-10-11,Morogoro,403,11,0.34
2025-10-11,Dar es Salaam,335,9,0.35
2025-10-12,Kapiri Mposhi,664,18,0.45
2025-10-12,Serenje,611,17,0.77
2025-10-12,Mpika,1150,32,0.73
2025-10-12,Nakonde,1480,41,0.37
2025-10-12,Tunduma,498,14,0.78
2025-10-12,Mbeya,1519,43,0.46
2025-10-12,Makambako,1016,28,0.64
2025-10-12,Morogoro,554,15,0.39
2025-10-12,Dar es Salaam,1577,44,0.48
2025-10-13,Kapiri Mposhi,1170,33,0.54
2025-10-13,Serenje,274,7,0.58
2025-10-13,Mpika,591,16,0.12
2025-10-13,Nakonde,722,20,0.27
2025-10-13,Tunduma,1242,35,0.53
2025-10-13,Mbeya,1298,36,0.44
2025-10-13,Makambako,1331,37,0.82
2025-10-13,Morogoro,604,17,0.53
2025-10-13,Dar es Salaam,1449,41,0.64
2025-10-14,Kapiri Mposhi,916,25,0.14
2025-10-14,Serenje,1259,35,0.39
2025-10-14,Mpika,1205,34,0.69
2025-10-14,Nakonde,1131,31,0.68
2025-10-14,Tunduma,847,23,0.49
2025-10-14,Mbeya,1298,36,0.88
2025-10-14,Makambako,1296,36,0.51
2025-10-14,Morogoro,1625,45,0.82
2025-10-14,Dar es Salaam,408,11,0.19
2025-10-15,Kapiri Mposhi,339,9,0.75
2025-10-15,Serenje,1458,41,0.36
2025-10-15,Mpika,988,27,0.54
2025-10-15,Nakonde,1486,41,0.27
2025-10-15,Tunduma,790,22,0.38
2025-10-15,Mbeya,313,8,0.44
2025-10-15,Makambako,479,13,0.69
2025-10-15,Morogoro,1429,40,0.53
2025-10-15,Dar es Salaam,1212,34,0.26
2025-10-16,Kapiri Mposhi,1049,29,0.13
2025-10-16,Serenje,1045,29,0.77
2025-10-16,Mpika,512,14,0.79
2025-10-16,Nakonde,547,15,0.69
2025-10-16,Tunduma,660,18,0.86
2025-10-16,Mbeya,949,26,0.66
2025-10-16,Makambako,1512,42,0.52
2025-10-16,Morogoro,600,16,0.14
2025-10-16,Dar es Salaam,662,18,0.18
2025-10-17,Kapiri Mposhi,898,25,0.34
2025-10-17,Serenje,841,23,0.49
2025-10-17,Mpika,832,23,0.58
2025-10-17,Nakonde,1224,34,0.67
2025-10-17,Tunduma,1002,28,0.59
2025-10-17,Mbeya,226,6,0.84
2025-10-17,Makambako,999,28,0.68
2025-10-17,Morogoro,763,21,0.25
2025-10-17,Dar es Salaam,942,26,0.52
2025-10-18,Kapiri Mposhi,1407,39,0.21
2025-10-18,Serenje,740,20,0.26
2025-10-18,Mpika,1023,28,0.25
2025-10-18,Nakonde,836,23,0.45
2025-10-18,Tunduma,1318,36,0.78
2025-10-18,Mbeya,1481,41,0.32
2025-10-18,Makambako,1161,32,0.16
2025-10-18,Morogoro,309,8,0.33
2025-10-18,Dar es Salaam,505,14,0.69
2025-10-19,Kapiri Mposhi,1121,31,0.79
2025-10-19,Serenje,275,7,0.37
2025-10-19,Mpika,1264,35,0.11
2025-10-19,Nakonde,1415,39,0.6
2025-10-19,Tunduma,871,24,0.36
2025-10-19,Mbeya,1122,31,0.24
2025-10-19,Makambako,1718,48,0.29
2025-10-19,Morogoro,1648,46,0.48
2025-10-19,Dar es Salaam,958,26,0.16
2025-10-20,Kapiri Mposhi,805,22,0.47
2025-10-20,Serenje,1643,45,0.29
2025-10-20,Mpika,1367,38,0.5
2025-10-20,Nakonde,1619,45,0.15
2025-10-20,Tunduma,232,6,0.2
2025-10-20,Mbeya,742,20,0.42
2025-10-20,Makambako,380,10,0.77
2025-10-20,Morogoro,555,15,0.68
2025-10-20,Dar es Salaam,540,15,0.45
2025-10-21,Kapiri Mposhi,1102,30,0.3
2025-10-21,Serenje,642,17,0.46
2025-10-21,Mpika,848,23,0.38
2025-10-21,Nakonde,503,14,0.37
2025-10-21,Tunduma,1748,48,0.59
2025-10-21,Mbeya,1339,37,0.39
2025-10-21,Makambako,460,12,0.71
2025-10-21,Morogoro,314,8,0.79
2025-10-21,Dar es Salaam,1065,29,0.58
2025-10-22,Kapiri Mposhi,1384,38,0.33
2025-10-22,Serenje,748,20,0.33
2025-10-22,Mpika,901,25,0.71
2025-10-22,Nakonde,1470,40,0.35
2025-10-22,Tunduma,785,21,0.44
2025-10-22,Mbeya,947,26,0.49
2025-10-22,Makambako,256,7,0.54
2025-10-22,Morogoro,1250,34,0.15
2025-10-22,Dar es Salaam,1196,33,0.37
2025-10-23,Kapiri Mposhi,1758,48,0.51
2025-10-23,Serenje,1135,31,0.7
2025-10-23,Mpika,1032,28,0.87
2025-10-23,Nakonde,1141,31,0.11
2025-10-23,Tunduma,1606,44,0.85
2025-10-23,Mbeya,1102,30,0.2
2025-10-23,Makambako,891,24,0.7
2025-10-23,Morogoro,453,12,0.43
2025-10-23,Dar es Salaam,1241,34,0.62
2025-10-24,Kapiri Mposhi,1079,29,0.21
2025-10-24,Serenje,1086,30,0.78
2025-10-24,Mpika,766,21,0.83
2025-10-24,Nakonde,986,27,0.42
2025-10-24,Tunduma,400,11,0.6
2025-10-24,Mbeya,1574,43,0.4
2025-10-24,Makambako,867,23,0.28
2025-10-24,Morogoro,235,6,0.86
2025-10-24,Dar es Salaam,1117,30,0.46
2025-10-25,Kapiri Mposhi,1132,31,0.22
2025-10-25,Serenje,375,10,0.78
2025-10-25,Mpika,698,19,0.86
2025-10-25,Nakonde,935,25,0.72
2025-10-25,Tunduma,266,7,0.77
2025-10-25,Mbeya,851,23,0.13
2025-10-25,Makambako,1397,38,0.75
2025-10-25,Morogoro,948,26,0.13
2025-10-25,Dar es Salaam,423,11,0.76
2025-10-26,Kapiri Mposhi,361,9,0.88
2025-10-26,Serenje,1578,43,0.46
2025-10-26,Mpika,1228,33,0.64
2025-10-26,Nakonde,993,27,0.44
2025-10-26,Tunduma,1094,30,0.37
2025-10-26,Mbeya,1108,30,0.84
2025-10-26,Makambako,1460,40,0.74
2025-10-26,Morogoro,1525,41,0.42
2025-10-26,Dar es Salaam,350,9,0.33
2025-10-27,Kapiri Mposhi,1255,34,0.86
2025-10-27,Serenje,837,22,0.67
2025-10-27,Mpika,375,10,0.4
2025-10-27,Nakonde,1272,34,0.6
2025-10-27,Tunduma,636,17,0.78
2025-10-27,Mbeya,1338,36,0.28
2025-10-27,Makambako,383,10,0.7
2025-10-27,Morogoro,781,21,0.49
2025-10-27,Dar es Salaam,531,14,0.29
2025-10-28,Kapiri Mposhi,853,23,0.48
2025-10-28,Serenje,402,11,0.15
2025-10-28,Mpika,1093,29,0.64
2025-10-28,Nakonde,629,17,0.37
2025-10-28,Tunduma,892,24,0.44
2025-10-28,Mbeya,536,14,0.33
2025-10-28,Makambako,831,22,0.5
2025-10-28,Morogoro,876,23,0.85
2025-10-28,Dar es Salaam,399,10,0.74
2025-10-29,Kapiri Mposhi,900,24,0.7
2025-10-29,Serenje,1009,27,0.51
2025-10-29,Mpika,725,19,0.67
2025-10-29,Nakonde,1310,35,0.79
2025-10-29,Tunduma,925,25,0.34
2025-10-29,Mbeya,739,20,0.66
2025-10-29,Makambako,1055,28,0.79
2025-10-29,Morogoro,1439,39,0.16
2025-10-29,Dar es Salaam,1200,32,0.12
2025-10-30,Kapiri Mposhi,373,10,0.76
2025-10-30,Serenje,342,9,0.42
2025-10-30,Mpika,1757,47,0.79
2025-10-30,Nakonde,525,14,0.59
2025-10-30,Tunduma,266,7,0.51
2025-10-30,Mbeya,1320,35,0.72
2025-10-30,Makambako,489,13,0.26
2025-10-30,Morogoro,1061,28,0.37
2025-10-30,Dar es Salaam,622,16,0.76
2025-10-31,Kapiri Mposhi,261,7,0.89
2025-10-31,Serenje,252,6,0.36
2025-10-31,Mpika,392,10,0.81
2025-10-31,Nakonde,1364,36,0.67
2025-10-31,Tunduma,1307,35,0.66
2025-10-31,Mbeya,1121,30,0.68
2025-10-31,Makambako,284,7,0.71
2025-10-31,Morogoro,257,6,0.12
2025-10-31,Dar es Salaam,272,7,0.12
2025-11-01,Kapiri Mposhi,1485,40,0.47
2025-11-01,Serenje,1851,49,0.73
2025-11-01,Mpika,1610,43,0.59
2025-11-01,Nakonde,553,14,0.45
2025-11-01,Tunduma,1262,34,0.3
2025-11-01,Mbeya,1812,48,0.81
2025-11-01,Makambako,887,23,0.73
2025-11-01,Morogoro,1377,37,0.86
2025-11-01,Dar es Salaam,281,7,0.87
2025-11-02,Kapiri Mposhi,955,25,0.14
2025-11-02,Serenje,739,19,0.81
2025-11-02,Mpika,1573,42,0.56
2025-11-02,Nakonde,1514,40,0.86
2025-11-02,Tunduma,236,6,0.42
2025-11-02,Mbeya,1129,30,0.57
2025-11-02,Makambako,429,11,0.41
2025-11-02,Morogoro,634,17,0.22
2025-11-02,Dar es Salaam,698,18,0.39
2025-11-03,Kapiri Mposhi,1796,48,0.16
2025-11-03,Serenje,1836,49,0.8
2025-11-03,Mpika,1126,30,0.87
2025-11-03,Nakonde,1724,46,0.41
2025-11-03,Tunduma,502,13,0.56
2025-11-03,Mbeya,858,22,0.6
2025-11-03,Makambako,600,16,0.17
2025-11-03,Morogoro,749,20,0.59
2025-11-03,Dar es Salaam,459,12,0.53
2025-11-04,Kapiri Mposhi,1005,26,0.12
2025-11-04,Serenje,418,11,0.46
2025-11-04,Mpika,1007,26,0.69
2025-11-04,Nakonde,541,14,0.79
2025-11-04,Tunduma,793,21,0.53
2025-11-04,Mbeya,1053,28,0.81
2025-11-04,Makambako,546,14,0.14
2025-11-04,Morogoro,377,10,0.78
2025-11-04,Dar es Salaam,1720,45,0.32
2025-11-05,Kapiri Mposhi,1497,39,0.66
2025-11-05,Serenje,1703,45,0.89
2025-11-05,Mpika,813,21,0.21
2025-11-05,Nakonde,826,21,0.72
2025-11-05,Tunduma,1207,32,0.41
2025-11-05,Mbeya,1213,32,0.45
2025-11-05,Makambako,1693,44,0.49
2025-11-05,Morogoro,1766,46,0.51
2025-11-05,Dar es Salaam,1272,33,0.75
2025-11-06,Kapiri Mposhi,1858,49,0.5
2025-11-06,Serenje,1036,27,0.21
2025-11-06,Mpika,1073,28,0.62
2025-11-06,Nakonde,1111,29,0.78
2025-11-06,Tunduma,1554,41,0.79
2025-11-06,Mbeya,739,19,0.8
2025-11-06,Makambako,1062,28,0.79
2025-11-06,Morogoro,1363,36,0.67
2025-11-06,Dar es Salaam,931,24,0.17
2025-11-07,Kapiri Mposhi,1033,27,0.31
2025-11-07,Serenje,1778,46,0.67
2025-11-07,Mpika,1198,31,0.58
2025-11-07,Nakonde,678,17,0.3
2025-11-07,Tunduma,1007,26,0.77
2025-11-07,Mbeya,956,25,0.45
2025-11-07,Makambako,1118,29,0.31
2025-11-07,Morogoro,846,22,0.69
2025-11-07,Dar es Salaam,278,7,0.76
2025-11-08,Kapiri Mposhi,1790,46,0.7
2025-11-08,Serenje,1276,33,0.49
2025-11-08,Mpika,1891,49,0.67
2025-11-08,Nakonde,1282,33,0.71
2025-11-08,Tunduma,675,17,0.52
2025-11-08,Mbeya,1091,28,0.89
2025-11-08,Makambako,1158,30,0.42
2025-11-08,Morogoro,1374,36,0.78
2025-11-08,Dar es Salaam,1786,46,0.17
2025-11-09,Kapiri Mposhi,320,8,0.11
2025-11-09,Serenje,263,6,0.69
2025-11-09,Mpika,549,14,0.77
2025-11-09,Nakonde,1073,28,0.75
2025-11-09,Tunduma,1331,34,0.27
2025-11-09,Mbeya,285,7,0.2
2025-11-09,Makambako,618,16,0.26
2025-11-09,Morogoro,755,19,0.28
2025-11-09,Dar es Salaam,1219,31,0.54
2025-11-10,Kapiri Mposhi,1424,37,0.32
2025-11-10,Serenje,479,12,0.68
2025-11-10,Mpika,781,20,0.39
2025-11-10,Nakonde,346,9,0.86
2025-11-10,Tunduma,429,11,0.46
2025-11-10,Mbeya,898,23,0.15
2025-11-10,Makambako,468,12,0.39
2025-11-10,Morogoro,593,15,0.72
2025-11-10,Dar es Salaam,856,22,0.78
2025-11-11,Kapiri Mposhi,746,19,0.62
2025-11-11,Serenje,1346,34,0.35
2025-11-11,Mpika,505,13,0.61
2025-11-11,Nakonde,370,9,0.28
2025-11-11,Tunduma,1290,33,0.65
2025-11-11,Mbeya,1305,33,0.21
2025-11-11,Makambako,876,22,0.34
2025-11-11,Morogoro,572,14,0.89
2025-11-11,Dar es Salaam,1470,38,0.65
2025-11-12,Kapiri Mposhi,1036,26,0.28
2025-11-12,Serenje,614,15,0.59
2025-11-12,Mpika,1119,28,0.47
2025-11-12,Nakonde,1852,47,0.44
2025-11-12,Tunduma,728,18,0.32
2025-11-12,Mbeya,432,11,0.31
2025-11-12,Makambako,637,16,0.68
2025-11-12,Morogoro,1911,49,0.56
2025-11-12,Dar es Salaam,1116,28,0.51
2025-11-13,Kapiri Mposhi,886,22,0.34
2025-11-13,Serenje,1085,27,0.25
2025-11-13,Mpika,1768,45,0.46
2025-11-13,Nakonde,1460,37,0.84
2025-11-13,Tunduma,1102,28,0.6
2025-11-13,Mbeya,1160,29,0.75
2025-11-13,Makambako,1695,43,0.19
2025-11-13,Morogoro,1626,41,0.13
2025-11-13,Dar es Salaam,1486,38,0.56
2025-11-14,Kapiri Mposhi,1076,27,0.31
2025-11-14,Serenje,1525,38,0.52
2025-11-14,Mpika,1165,29,0.17
2025-11-14,Nakonde,1666,42,0.45
2025-11-14,Tunduma,609,15,0.34
2025-11-14,Mbeya,1498,38,0.21
2025-11-14,Makambako,1270,32,0.74
2025-11-14,Morogoro,1850,47,0.18
2025-11-14,Dar es Salaam,361,9,0.49
2025-11-15,Kapiri Mposhi,1755,44,0.47
2025-11-15,Serenje,1690,43,0.83
2025-11-15,Mpika,1112,28,0.79
2025-11-15,Nakonde,1716,43,0.35
2025-11-15,Tunduma,961,24,0.28
2025-11-15,Mbeya,1375,34,0.82
2025-11-15,Makambako,605,15,0.76
2025-11-15,Morogoro,1757,44,0.46
2025-11-15,Dar es Salaam,511,13,0.56
2025-11-16,Kapiri Mposhi,512,12,0.79
2025-11-16,Serenje,1040,26,0.37
2025-11-16,Mpika,846,21,0.47
2025-11-16,Nakonde,1039,26,0.32
2025-11-16,Tunduma,1931,48,0.9
2025-11-16,Mbeya,1205,30,0.68
2025-11-16,Makambako,1871,47,0.43
2025-11-16,Morogoro,1125,28,0.88
2025-11-16,Dar es Salaam,1133,28,0.62
2025-11-17,Kapiri Mposhi,1609,40,0.51
2025-11-17,Serenje,460,11,0.7
2025-11-17,Mpika,710,17,0.13
2025-11-17,Nakonde,1090,27,0.18
2025-11-17,Tunduma,337,8,0.66
2025-11-17,Mbeya,1007,25,0.14
2025-11-17,Makambako,1199,30,0.73
2025-11-17,Morogoro,1871,47,0.32
2025-11-17,Dar es Salaam,635,16,0.85
2025-11-18,Kapiri Mposhi,788,19,0.88
2025-11-18,Serenje,1040,26,0.75
2025-11-18,Mpika,1837,46,0.63
2025-11-18,Nakonde,1521,38,0.37
2025-11-18,Tunduma,454,11,0.62
2025-11-18,Mbeya,1260,31,0.11
2025-11-18,Makambako,445,11,0.8
2025-11-18,Morogoro,926,23,0.88
2025-11-18,Dar es Salaam,404,10,0.47
2025-11-19,Kapiri Mposhi,359,8,0.8
2025-11-19,Serenje,1619,40,0.56
2025-11-19,Mpika,526,13,0.77
2025-11-19,Nakonde,1787,44,0.38
2025-11-19,Tunduma,1548,38,0.54
2025-11-19,Mbeya,629,15,0.18
2025-11-19,Makambako,537,13,0.6
2025-11-19,Morogoro,1419,35,0.68
2025-11-19,Dar es Salaam,1905,47,0.61
2025-11-20,Kapiri Mposhi,728,18,0.54
2025-11-20,Serenje,1601,39,0.7
2025-11-20,Mpika,645,16,0.25
2025-11-20,Nakonde,682,16,0.15
2025-11-20,Tunduma,1393,34,0.42
2025-11-20,Mbeya,923,22,0.52
2025-11-20,Makambako,786,19,0.26
2025-11-20,Morogoro,541,13,0.36
2025-11-20,Dar es Salaam,1124,27,0.33
2025-11-21,Kapiri Mposhi,730,18,0.32
2025-11-21,Serenje,1508,37,0.69
2025-11-21,Mpika,1830,45,0.77
2025-11-21,Nakonde,830,20,0.65
2025-11-21,Tunduma,1104,27,0.38
2025-11-21,Mbeya,471,11,0.66
2025-11-21,Makambako,1787,44,0.6
2025-11-21,Morogoro,1009,24,0.37
2025-11-21,Dar es Salaam,1171,28,0.75
2025-11-22,Kapiri Mposhi,761,18,0.36
2025-11-22,Serenje,702,17,0.73
2025-11-22,Mpika,1142,28,0.77
2025-11-22,Nakonde,781,19,0.7
2025-11-22,Tunduma,679,16,0.33
2025-11-22,Mbeya,1805,44,0.13
2025-11-22,Makambako,852,20,0.56
2025-11-22,Morogoro,280,6,0.72
2025-11-22,Dar es Salaam,1251,30,0.29
2025-11-23,Kapiri Mposhi,1483,36,0.14
2025-11-23,Serenje,1455,35,0.71
2025-11-23,Mpika,1477,36,0.83
2025-11-23,Nakonde,1931,47,0.7
2025-11-23,Tunduma,1858,45,0.82
2025-11-23,Mbeya,1303,31,0.65
2025-11-23,Makambako,1718,42,0.77
2025-11-23,Morogoro,1678,41,0.35
2025-11-23,Dar es Salaam,1325,32,0.84
2025-11-24,Kapiri Mposhi,1148,27,0.33
2025-11-24,Serenje,1171,28,0.82
2025-11-24,Mpika,1118,27,0.83
2025-11-24,Nakonde,1934,47,0.8
2025-11-24,Tunduma,1800,43,0.86
2025-11-24,Mbeya,1068,26,0.59
2025-11-24,Makambako,1616,39,0.54
2025-11-24,Morogoro,801,19,0.25
2025-11-24,Dar es Salaam,1360,33,0.34
2025-11-25,Kapiri Mposhi,1984,48,0.16
2025-11-25,Serenje,1967,47,0.22
2025-11-25,Mpika,1694,41,0.51
2025-11-25,Nakonde,1568,38,0.19
2025-11-25,Tunduma,500,12,0.2
2025-11-25,Mbeya,758,18,0.69
2025-11-25,Makambako,1386,33,0.23
2025-11-25,Morogoro,396,9,0.23
2025-11-25,Dar es Salaam,1475,35,0.62
2025-11-26,Kapiri Mposhi,1541,37,0.28
2025-11-26,Serenje,1606,38,0.65
2025-11-26,Mpika,1608,38,0.11
2025-11-26,Nakonde,1334,32,0.13
2025-11-26,Tunduma,1593,38,0.44
2025-11-26,Mbeya,1254,30,0.56
2025-11-26,Makambako,1158,27,0.44
2025-11-26,Morogoro,331,8,0.25
2025-11-26,Dar es Salaam,394,9,0.64
2025-11-27,Kapiri Mposhi,1186,28,0.28
2025-11-27,Serenje,1899,45,0.29
2025-11-27,Mpika,1921,46,0.32
2025-11-27,Nakonde,1206,28,0.83
2025-11-27,Tunduma,1427,34,0.6
2025-11-27,Mbeya,1429,34,0.27
2025-11-27,Makambako,1113,26,0.35
2025-11-27,Morogoro,671,16,0.85
2025-11-27,Dar es Salaam,1812,43,0.86
2025-11-28,Kapiri Mposhi,554,13,0.69
2025-11-28,Serenje,1029,24,0.48
2025-11-28,Mpika,1661,39,0.31
2025-11-28,Nakonde,1133,27,0.61
2025-11-28,Tunduma,1023,24,0.31
2025-11-28,Mbeya,780,18,0.73
2025-11-28,Makambako,2036,48,0.47
2025-11-28,Morogoro,854,20,0.85
2025-11-28,Dar es Salaam,1863,44,0.42
2025-11-29,Kapiri Mposhi,304,7,0.24
2025-11-29,Serenje,2064,48,0.11
2025-11-29,Mpika,1723,40,0.83
2025-11-29,Nakonde,1563,37,0.76
2025-11-29,Tunduma,640,15,0.31
2025-11-29,Mbeya,1192,28,0.29
2025-11-29,Makambako,690,16,0.5
2025-11-29,Morogoro,1874,44,0.21
2025-11-29,Dar es Salaam,1033,24,0.38
2025-11-30,Kapiri Mposhi,1148,27,0.69
2025-11-30,Serenje,744,17,0.18
2025-11-30,Mpika,1145,27,0.75
2025-11-30,Nakonde,1020,24,0.37
2025-11-30,Tunduma,305,7,0.44
2025-11-30,Mbeya,744,17,0.43
2025-11-30,Makambako,1240,29,0.82
2025-11-30,Morogoro,652,15,0.33
2025-11-30,Dar es Salaam,1498,35,0.21
2025-12-01,Kapiri Mposhi,401,9,0.2
2025-12-01,Serenje,294,6,0.84
2025-12-01,Mpika,1087,25,0.34
2025-12-01,Nakonde,1621,38,0.46
2025-12-01,Tunduma,1408,33,0.69
2025-12-01,Mbeya,836,19,0.39
2025-12-01,Makambako,1780,41,0.39
2025-12-01,Morogoro,592,13,0.13
2025-12-01,Dar es Salaam,521,12,0.75
2025-12-02,Kapiri Mposhi,1616,37,0.38
2025-12-02,Serenje,1997,46,0.67
2025-12-02,Mpika,1878,43,0.83
2025-12-02,Nakonde,767,17,0.6
2025-12-02,Tunduma,1067,24,0.11
2025-12-02,Mbeya,494,11,0.32
2025-12-02,Makambako,1980,46,0.27
2025-12-02,Morogoro,474,11,0.24
2025-12-02,Dar es Salaam,720,16,0.5
2025-12-03,Kapiri Mposhi,967,22,0.87
2025-12-03,Serenje,499,11,0.63
2025-12-03,Mpika,539,12,0.65
2025-12-03,Nakonde,1052,24,0.12
2025-12-03,Tunduma,2042,47,0.45
2025-12-03,Mbeya,1910,44,0.26
2025-12-03,Makambako,401,9,0.7
2025-12-03,Morogoro,454,10,0.69
2025-12-03,Dar es Salaam,573,13,0.89
2025-12-04,Kapiri Mposhi,712,16,0.38
2025-12-04,Serenje,2123,49,0.6
2025-12-04,Mpika,1389,32,0.58
2025-12-04,Nakonde,1680,38,0.46
2025-12-04,Tunduma,1791,41,0.66
2025-12-04,Mbeya,360,8,0.6
2025-12-04,Makambako,1740,40,0.49
2025-12-04,Morogoro,1464,33,0.8
2025-12-04,Dar es Salaam,2074,47,0.46
2025-12-05,Kapiri Mposhi,832,19,0.57
2025-12-05,Serenje,1213,27,0.59
2025-12-05,Mpika,1834,42,0.47
2025-12-05,Nakonde,1956,44,0.3
2025-12-05,Tunduma,1998,45,0.37
2025-12-05,Mbeya,933,21,0.49
2025-12-05,Makambako,1718,39,0.61
2025-12-05,Morogoro,1393,32,0.82
2025-12-05,Dar es Salaam,1081,24,0.4
2025-12-06,Kapiri Mposhi,1089,24,0.84
2025-12-06,Serenje,895,20,0.46
2025-12-06,Mpika,1595,36,0.34
2025-12-06,Nakonde,1613,36,0.23
2025-12-06,Tunduma,1047,23,0.78
2025-12-06,Mbeya,459,10,0.67
2025-12-06,Makambako,1187,27,0.2
2025-12-06,Morogoro,2167,49,0.17
2025-12-06,Dar es Salaam,877,20,0.57
2025-12-07,Kapiri Mposhi,803,18,0.35
2025-12-07,Serenje,1568,35,0.62
2025-12-07,Mpika,369,8,0.67
2025-12-07,Nakonde,1111,25,0.88
2025-12-07,Tunduma,1669,37,0.43
2025-12-07,Mbeya,1624,36,0.16
2025-12-07,Makambako,1277,29,0.12
2025-12-07,Morogoro,1520,34,0.69
2025-12-07,Dar es Salaam,1606,36,0.74
2025-12-08,Kapiri Mposhi,290,6,0.29
2025-12-08,Serenje,1161,26,0.13
2025-12-08,Mpika,574,13,0.29
2025-12-08,Nakonde,528,11,0.39
2025-12-08,Tunduma,1339,30,0.66
2025-12-08,Mbeya,932,21,0.37
2025-12-08,Makambako,1360,30,0.9
2025-12-08,Morogoro,1950,44,0.43
2025-12-08,Dar es Salaam,1648,37,0.23
2025-12-09,Kapiri Mposhi,1473,33,0.69
2025-12-09,Serenje,1564,35,0.6
2025-12-09,Mpika,1525,34,0.6
2025-12-09,Nakonde,1308,29,0.75
2025-12-09,Tunduma,1536,34,0.78
2025-12-09,Mbeya,602,13,0.43
2025-12-09,Makambako,760,17,0.49
2025-12-09,Morogoro,1191,26,0.83
2025-12-09,Dar es Salaam,870,19,0.37
2025-12-10,Kapiri Mposhi,1070,23,0.76
2025-12-10,Serenje,1822,40,0.27
2025-12-10,Mpika,2159,48,0.33
2025-12-10,Nakonde,505,11,0.25
2025-12-10,Tunduma,1492,33,0.22
2025-12-10,Mbeya,868,19,0.32
2025-12-10,Makambako,1787,40,0.89
2025-12-10,Morogoro,294,6,0.5
2025-12-10,Dar es Salaam,1519,34,0.11
2025-12-11,Kapiri Mposhi,823,18,0.11
2025-12-11,Serenje,1051,23,0.58
2025-12-11,Mpika,1538,34,0.86
2025-12-11,Nakonde,575,12,0.47
2025-12-11,Tunduma,302,6,0.63
2025-12-11,Mbeya,1671,37,0.5
2025-12-11,Makambako,1212,26,0.49
2025-12-11,Morogoro,1479,32,0.62
2025-12-11,Dar es Salaam,1004,22,0.79
2025-12-12,Kapiri Mposhi,1102,24,0.17
2025-12-12,Serenje,1458,32,0.51
2025-12-12,Mpika,2093,46,0.6
2025-12-12,Nakonde,1380,30,0.13
2025-12-12,Tunduma,1128,24,0.75
2025-12-12,Mbeya,1570,34,0.27
2025-12-12,Makambako,1880,41,0.79
2025-12-12,Morogoro,2050,45,0.64
2025-12-12,Dar es Salaam,2135,47,0.17
2025-12-13,Kapiri Mposhi,573,12,0.34
2025-12-13,Serenje,772,17,0.87
2025-12-13,Mpika,933,20,0.16
2025-12-13,Nakonde,861,18,0.18
2025-12-13,Tunduma,1737,38,0.87
2025-12-13,Mbeya,1189,26,0.66
2025-12-13,Makambako,466,10,0.36
2025-12-13,Morogoro,1160,25,0.2
2025-12-13,Dar es Salaam,1906,41,0.43
2025-12-14,Kapiri Mposhi,686,15,0.2
2025-12-14,Serenje,755,16,0.46
2025-12-14,Mpika,1702,37,0.71
2025-12-14,Nakonde,1280,28,0.5
2025-12-14,Tunduma,1348,29,0.25
2025-12-14,Mbeya,2195,48,0.39
2025-12-14,Makambako,825,18,0.42
2025-12-14,Morogoro,1927,42,0.74
2025-12-14,Dar es Salaam,1610,35,0.48
2025-12-15,Kapiri Mposhi,1903,41,0.14
2025-12-15,Serenje,1701,37,0.57
2025-12-15,Mpika,2067,45,0.49
2025-12-15,Nakonde,2171,47,0.83
2025-12-15,Tunduma,574,12,0.74
2025-12-15,Mbeya,837,18,0.52
2025-12-15,Makambako,1120,24,0.19
2025-12-15,Morogoro,1400,30,0.72
2025-12-15,Dar es Salaam,1063,23,0.72
2025-12-16,Kapiri Mposhi,687,14,0.47
2025-12-16,Serenje,822,17,0.65
2025-12-16,Mpika,1216,26,0.33
2025-12-16,Nakonde,2165,46,0.39
2025-12-16,Tunduma,2186,47,0.87
2025-12-16,Mbeya,1946,42,0.25
2025-12-16,Makambako,1482,32,0.71
2025-12-16,Morogoro,1282,27,0.16
2025-12-16,Dar es Salaam,679,14,0.12
2025-12-17,Kapiri Mposhi,518,11,0.49
2025-12-17,Serenje,373,8,0.37
2025-12-17,Mpika,991,21,0.86
2025-12-17,Nakonde,497,10,0.78
2025-12-17,Tunduma,989,21,0.68
2025-12-17,Mbeya,1197,25,0.33
2025-12-17,Makambako,1911,41,0.24
2025-12-17,Morogoro,738,15,0.2
2025-12-17,Dar es Salaam,1880,40,0.88
2025-12-18,Kapiri Mposhi,2214,47,0.36
2025-12-18,Serenje,594,12,0.2
2025-12-18,Mpika,1976,42,0.49
2025-12-18,Nakonde,577,12,0.13
2025-12-18,Tunduma,1404,30,0.64
2025-12-18,Mbeya,1143,24,0.19
2025-12-18,Makambako,1454,31,0.9
2025-12-18,Morogoro,683,14,0.73
2025-12-18,Dar es Salaam,2284,48,0.68
2025-12-19,Kapiri Mposhi,652,13,0.57
2025-12-19,Serenje,1161,24,0.4
2025-12-19,Mpika,788,16,0.53
2025-12-19,Nakonde,2106,44,0.35
2025-12-19,Tunduma,359,7,0.18
2025-12-19,Mbeya,644,13,0.66
2025-12-19,Makambako,335,7,0.74
2025-12-19,Morogoro,1071,22,0.48
2025-12-19,Dar es Salaam,1904,40,0.19
2025-12-20,Kapiri Mposhi,1637,34,0.19
2025-12-20,Serenje,812,17,0.12
2025-12-20,Mpika,1921,40,0.6
2025-12-20,Nakonde,654,13,0.56
2025-12-20,Tunduma,1902,40,0.68
2025-12-20,Mbeya,1637,34,0.64
2025-12-20,Makambako,301,6,0.7
2025-12-20,Morogoro,1262,26,0.21
2025-12-20,Dar es Salaam,1329,28,0.49
2025-12-21,Kapiri Mposhi,636,13,0.34
2025-12-21,Serenje,1059,22,0.68
2025-12-21,Mpika,1320,27,0.3
2025-12-21,Nakonde,1086,22,0.46
2025-12-21,Tunduma,635,13,0.55
2025-12-21,Mbeya,910,19,0.21
2025-12-21,Makambako,514,10,0.32
2025-12-21,Morogoro,1746,36,0.52
2025-12-21,Dar es Salaam,2289,48,0.81
2025-12-22,Kapiri Mposhi,1487,31,0.37
2025-12-22,Serenje,1642,34,0.57
2025-12-22,Mpika,2071,43,0.5
2025-12-22,Nakonde,1410,29,0.41
2025-12-22,Tunduma,1412,29,0.74
2025-12-22,Mbeya,1589,33,0.21
2025-12-22,Makambako,503,10,0.18
2025-12-22,Morogoro,2091,43,0.73
2025-12-22,Dar es Salaam,1306,27,0.1
2025-12-23,Kapiri Mposhi,1013,21,0.21
2025-12-23,Serenje,819,17,0.17
2025-12-23,Mpika,1616,33,0.16
2025-12-23,Nakonde,2149,44,0.82
2025-12-23,Tunduma,2138,44,0.62
2025-12-23,Mbeya,933,19,0.71
2025-12-23,Makambako,1308,27,0.31
2025-12-23,Morogoro,879,18,0.81
2025-12-23,Dar es Salaam,2346,48,0.72
2025-12-24,Kapiri Mposhi,1569,32,0.31
2025-12-24,Serenje,2323,48,0.4
2025-12-24,Mpika,1700,35,0.72
2025-12-24,Nakonde,2176,45,0.39
2025-12-24,Tunduma,1720,35,0.24
2025-12-24,Mbeya,756,15,0.89
2025-12-24,Makambako,2218,46,0.38
2025-12-24,Morogoro,1282,26,0.49
2025-12-24,Dar es Salaam,1465,30,0.54
2025-12-25,Kapiri Mposhi,1260,26,0.88
2025-12-25,Serenje,1858,38,0.62
2025-12-25,Mpika,1134,23,0.79
2025-12-25,Nakonde,1180,24,0.84
2025-12-25,Tunduma,1563,32,0.54
2025-12-25,Mbeya,2330,48,0.5
2025-12-25,Makambako,1393,28,0.59
2025-12-25,Morogoro,1080,22,0.25
2025-12-25,Dar es Salaam,1058,21,0.68
2025-12-26,Kapiri Mposhi,2402,49,0.33
2025-12-26,Serenje,1888,38,0.19
2025-12-26,Mpika,606,12,0.54
2025-12-26,Nakonde,2036,41,0.83
2025-12-26,Tunduma,1907,39,0.77
2025-12-26,Mbeya,1196,24,0.81
2025-12-26,Makambako,2066,42,0.52
2025-12-26,Morogoro,2135,43,0.88
2025-12-26,Dar es Salaam,1736,35,0.82
2025-12-27,Kapiri Mposhi,2212,45,0.82
2025-12-27,Serenje,664,13,0.38
2025-12-27,Mpika,991,20,0.63
2025-12-27,Nakonde,1637,33,0.54
2025-12-27,Tunduma,1015,20,0.87
2025-12-27,Mbeya,990,20,0.3
2025-12-27,Makambako,2142,43,0.77
2025-12-27,Morogoro,1526,31,0.53
2025-12-27,Dar es Salaam,1026,20,0.55
2025-12-28,Kapiri Mposhi,796,16,0.56
2025-12-28,Serenje,1067,21,0.45
2025-12-28,Mpika,429,8,0.21
2025-12-28,Nakonde,2044,41,0.86
2025-12-28,Tunduma,1607,32,0.79
2025-12-28,Mbeya,1579,32,0.34
2025-12-28,Makambako,985,20,0.17
2025-12-28,Morogoro,444,9,0.4
2025-12-28,Dar es Salaam,1576,32,0.73
2025-12-29,Kapiri Mposhi,1317,26,0.12
2025-12-29,Serenje,851,17,0.23
2025-12-29,Mpika,1443,29,0.45
2025-12-29,Nakonde,1526,30,0.11
2025-12-29,Tunduma,1849,37,0.52
2025-12-29,Mbeya,2195,44,0.39
2025-12-29,Makambako,2178,44,0.64
2025-12-29,Morogoro,2102,42,0.85
2025-12-29,Dar es Salaam,1512,30,0.56
2025-12-30,Kapiri Mposhi,1512,30,0.12
2025-12-30,Serenje,411,8,0.51
2025-12-30,Mpika,362,7,0.16
2025-12-30,Nakonde,1706,34,0.25
2025-12-30,Tunduma,664,13,0.35
2025-12-30,Mbeya,1199,24,0.47
2025-12-30,Makambako,1213,24,0.29
2025-12-30,Morogoro,1327,26,0.41
2025-12-30,Dar es Salaam,460,9,0.51
2025-12-31,Kapiri Mposhi,1123,22,0.23
2025-12-31,Serenje,355,7,0.71
2025-12-31,Mpika,1097,21,0.63
2025-12-31,Nakonde,1738,34,0.61
2025-12-31,Tunduma,1007,20,0.76
2025-12-31,Mbeya,321,6,0.43
2025-12-31,Makambako,2060,41,0.31
2025-12-31,Morogoro,491,9,0.11
2025-12-31,Dar es Salaam,695,13,0.11
